CUSTOMER_ID,HOUSEHOLD_SIZE,MONTHLY_ENERGY_COST,DEVICE_ENERGY_RATING,NO_CUSTSERV_CALLS,CHURNED
1738,3,3000,4,2,FALSE
1739,4,3000,1,1,FALSE
1740,2,3000,5,1,FALSE
1741,1,3000,1,0,FALSE
1742,5,3000,2,1,FALSE
1743,1,3000,2,4,FALSE
1744,5,3000,4,2,FALSE
1745,2,3000,1,1,FALSE
1746,2,3000,1,2,FALSE
1747,1,3000,3,3,FALSE
1748,5,3000,5,2,FALSE
1749,4,3000,5,1,FALSE
1750,1,3000,5,4,FALSE
1751,1,3000,5,2,FALSE
1752,3,3000,4,3,FALSE
1753,3,3000,3,3,FALSE
1754,3,3000,5,3,FALSE
1755,5,3000,5,4,FALSE
1756,2,3000,3,4,FALSE
1757,2,3000,4,1,FALSE
1758,5,3000,4,3,FALSE
1759,2,3000,4,0,FALSE
1760,5,3000,3,1,FALSE
1761,4,3000,3,2,FALSE
1762,4,3000,4,0,FALSE
1763,5,3000,5,4,FALSE
1764,2,3000,4,1,FALSE
1765,3,3000,5,3,FALSE
1766,4,3000,5,4,FALSE
1767,4,3000,1,0,FALSE
1768,2,3000,1,2,FALSE
1769,5,3000,1,0,FALSE
1770,4,3000,1,3,FALSE
1771,4,3000,5,2,FALSE
1772,4,3000,5,4,FALSE
1773,4,3000,3,3,FALSE
1774,2,3000,4,2,FALSE
1775,5,3000,3,0,FALSE
1776,4,3000,5,0,FALSE
1777,3,3000,2,2,FALSE
1778,5,3000,3,4,FALSE
1779,1,3000,5,4,FALSE
1780,2,3000,3,4,FALSE
1781,4,3000,1,3,FALSE
1782,4,3000,3,1,FALSE
1783,2,3000,1,4,FALSE
1784,1,3000,4,3,FALSE
1785,4,3000,4,0,FALSE
1786,1,3000,4,0,FALSE
1787,2,3000,2,1,FALSE
1788,3,3000,1,4,FALSE
1789,2,3000,5,4,FALSE
1790,3,3000,2,1,FALSE
1791,3,3000,5,1,FALSE
1792,2,3000,5,3,FALSE
1793,1,3000,2,2,FALSE
1794,5,3000,2,1,FALSE
1795,1,3000,3,1,FALSE
1796,3,3000,5,3,FALSE
1797,4,3000,3,4,FALSE
1798,5,3000,4,2,FALSE
1799,4,3000,1,2,FALSE
1800,3,3000,1,3,FALSE
1801,1,3000,5,2,FALSE
1802,1,3000,4,2,FALSE
1803,1,3000,1,0,FALSE
1804,4,3000,1,1,FALSE
1805,1,3000,3,1,FALSE
1806,1,3000,3,0,FALSE
1807,5,3000,2,3,FALSE
1808,4,3000,5,4,FALSE
1809,1,3000,3,2,FALSE
1810,1,3000,5,2,FALSE
1811,4,3000,4,0,FALSE
1812,1,3000,3,2,FALSE
1813,5,3000,3,1,FALSE
1814,4,3000,1,1,FALSE
1815,1,3000,2,3,FALSE
1816,3,3000,3,4,FALSE
1817,2,3000,4,0,FALSE
1818,3,3000,5,3,FALSE
1819,3,3000,2,3,FALSE
1820,5,3000,5,4,FALSE
1821,5,3000,5,0,FALSE
1822,1,3000,3,2,FALSE
1823,2,3000,5,4,FALSE
1824,2,3000,1,4,FALSE
1825,4,3000,5,0,FALSE
1826,2,3000,2,4,FALSE
1827,3,3000,3,0,FALSE
1828,5,3000,3,2,FALSE
1829,1,3000,1,1,FALSE
1830,5,3000,3,1,FALSE
1831,2,3000,1,4,FALSE
1832,5,3000,2,0,FALSE
1833,5,3000,5,4,FALSE
1834,5,3000,3,4,FALSE
1835,4,3000,4,2,FALSE
1836,1,3000,1,3,FALSE
1837,3,3000,1,3,FALSE
1838,1,3000,5,1,FALSE
1839,3,3000,5,4,FALSE
1840,3,3000,2,3,FALSE
1841,4,3000,4,3,FALSE
1842,2,3000,2,4,FALSE
1843,3,3000,3,0,FALSE
1844,3,3000,1,1,FALSE
1845,1,3000,3,1,FALSE
1846,3,3000,5,3,FALSE
1847,5,3000,4,2,FALSE
1848,2,3000,1,0,FALSE
1849,5,3000,4,0,FALSE
1850,4,3000,4,1,FALSE
1851,5,3000,3,1,FALSE
1852,2,3000,4,3,FALSE
1853,2,3000,4,4,FALSE
1854,4,3000,3,0,FALSE
1855,1,3000,3,2,FALSE
1856,1,3000,1,3,FALSE
1857,1,3000,5,2,FALSE
1858,2,3000,2,2,FALSE
1859,3,3000,1,0,FALSE
1860,5,3000,2,0,FALSE
1861,4,3000,1,3,FALSE
1862,2,3000,2,1,FALSE
1863,4,3000,3,4,FALSE
1864,2,3000,4,4,FALSE
1865,1,3000,3,1,FALSE
1866,2,3000,3,3,FALSE
1867,3,3000,5,1,FALSE
1868,5,3000,2,2,FALSE
1869,3,3000,5,3,FALSE
1870,1,3000,4,4,FALSE
1871,4,3000,2,3,FALSE
1872,1,3000,4,1,FALSE
1873,2,3000,1,2,FALSE
1874,1,3000,5,1,FALSE
1875,1,3000,5,1,FALSE
1876,1,3000,3,3,FALSE
1877,4,3000,2,0,FALSE
1878,5,3000,4,4,FALSE
1879,2,3000,2,1,FALSE
1880,2,3000,5,4,FALSE
1881,1,3000,4,0,FALSE
1882,1,3000,4,0,FALSE
1883,4,3000,4,4,FALSE
1884,1,3000,2,0,FALSE
1885,2,3000,3,0,FALSE
1886,3,3000,4,2,FALSE
1887,5,3000,5,2,FALSE
1888,1,3000,3,4,FALSE
1889,1,3000,2,2,FALSE
1890,5,3000,4,2,FALSE
1891,5,3000,4,0,FALSE
1892,2,3000,1,1,FALSE
1893,3,3000,4,2,FALSE
1894,4,3000,3,3,FALSE
1895,4,3000,2,4,FALSE
1896,2,3000,1,3,FALSE
1897,5,3000,2,4,FALSE
1898,5,3000,4,2,FALSE
1899,2,3000,3,1,FALSE
1900,3,3000,3,0,FALSE
1901,5,3000,5,0,FALSE
1902,1,3000,3,3,FALSE
1903,4,3000,5,0,FALSE
1904,3,3000,4,1,FALSE
1905,5,3000,2,1,FALSE
1906,4,3000,5,0,FALSE
1907,1,3000,2,0,FALSE
1908,5,3000,5,3,FALSE
1909,2,3000,1,1,FALSE
1910,4,3000,4,3,FALSE
1911,5,3000,5,4,FALSE
1912,3,3000,1,3,FALSE
1913,2,3000,5,4,FALSE
1914,1,3000,5,4,FALSE
1915,4,3000,4,3,FALSE
1916,1,3000,2,4,FALSE
1917,5,3000,4,3,FALSE
1918,1,3000,3,4,FALSE
1919,5,3000,2,1,FALSE
1920,2,3000,4,2,FALSE
1921,1,3000,4,1,FALSE
1922,3,3000,1,1,FALSE
1923,1,3000,2,2,FALSE
1924,3,3000,2,3,FALSE
1925,5,3000,5,0,FALSE
1926,2,3000,4,0,FALSE
1927,3,3000,4,3,FALSE
1928,4,3000,5,3,FALSE
1929,3,3000,4,1,FALSE
1930,3,3000,4,2,FALSE
1931,2,3000,4,1,FALSE
1932,3,3000,4,0,FALSE
1933,1,3000,5,0,FALSE
1934,5,3000,4,4,FALSE
1935,4,3000,4,3,FALSE
1936,3,3000,1,4,FALSE
1937,1,3000,2,3,FALSE
1938,5,3000,1,0,FALSE
1939,3,3000,3,3,FALSE
1940,1,3000,1,3,FALSE
1941,5,3000,2,3,FALSE
1942,3,3000,1,1,FALSE
1943,4,3000,4,0,FALSE
1944,2,3000,4,4,FALSE
1945,1,3000,3,2,FALSE
1946,3,3000,3,3,FALSE
1947,2,3000,5,4,FALSE
1948,3,3000,2,4,FALSE
1949,3,3000,3,3,FALSE
1950,2,3000,2,2,FALSE
1951,2,3000,4,2,FALSE
1952,2,3000,1,3,FALSE
1953,5,3000,5,2,FALSE
1954,4,3000,4,4,FALSE
1955,5,3000,3,2,FALSE
1956,5,3000,3,3,FALSE
1957,3,3000,4,1,FALSE
1958,4,3000,2,2,FALSE
1959,1,3000,4,4,FALSE
1960,1,3000,1,3,FALSE
1961,5,3000,2,2,FALSE
1962,5,3000,4,3,FALSE
1963,4,3000,3,1,FALSE
1964,4,3000,1,3,FALSE
1965,5,3000,4,4,FALSE
1966,3,3000,4,1,FALSE
1967,4,3000,1,1,FALSE
1968,2,3000,3,1,FALSE
1969,4,3000,4,3,FALSE
1970,4,3000,4,2,FALSE
1971,3,3000,2,0,FALSE
1972,3,3000,1,2,FALSE
1973,1,3000,3,4,FALSE
1974,2,3000,1,2,FALSE
1975,3,3000,2,1,FALSE
1976,3,3000,1,2,FALSE
1977,5,3000,4,3,FALSE
1978,3,3000,4,3,FALSE
1979,5,3000,2,2,FALSE
1980,2,3000,5,1,FALSE
1981,5,3000,3,2,FALSE
1982,1,3000,2,0,FALSE
1983,5,3000,5,2,FALSE
1984,2,3000,3,0,FALSE
1985,3,3000,4,2,FALSE
1986,3,3000,3,0,FALSE
1987,5,3000,5,4,FALSE
1988,2,3000,4,0,FALSE
1989,5,3000,4,1,FALSE
1990,5,3000,5,1,FALSE
1991,1,3000,4,4,FALSE
1992,1,3000,2,2,FALSE
1993,5,3000,1,2,FALSE
1994,4,3000,2,2,FALSE
1995,3,3000,3,4,FALSE
1996,3,3000,5,4,FALSE
1997,2,3000,2,4,FALSE
1998,3,3000,5,0,FALSE
1999,2,3000,5,1,FALSE
2000,4,3000,2,3,FALSE
2001,3,3000,5,4,FALSE
2002,1,3000,5,3,FALSE
2003,2,3000,2,4,FALSE
2004,3,3000,3,3,FALSE
2005,1,3000,3,3,FALSE
2006,2,3000,4,4,FALSE
2007,3,3000,5,3,FALSE
2008,3,3000,3,1,FALSE
2009,3,3000,4,4,FALSE
2010,3,3000,2,1,FALSE
2011,1,3000,4,0,FALSE
2012,3,3000,2,3,FALSE
2013,2,3000,3,2,FALSE
2014,3,3000,3,3,FALSE
2015,3,3000,4,3,FALSE
2016,2,3000,3,0,FALSE
2017,4,3000,2,3,FALSE
2018,5,3000,5,1,FALSE
2019,4,3000,2,1,FALSE
2020,3,3000,3,2,FALSE
2021,4,3000,2,2,FALSE
2022,1,3000,4,1,FALSE
2023,1,3000,3,1,FALSE
2024,2,3000,1,0,FALSE
2025,3,3000,4,2,FALSE
2026,3,3000,3,4,FALSE
2027,4,3000,3,0,FALSE
2028,3,3000,5,0,FALSE
2029,5,3000,1,3,FALSE
2030,3,3000,3,0,FALSE
2031,2,3000,2,2,FALSE
2032,4,3000,5,4,FALSE
2033,1,3000,3,2,FALSE
2034,4,3000,2,4,FALSE
2035,3,3000,3,4,FALSE
2036,1,3000,2,0,FALSE
2037,5,3000,1,1,FALSE
2038,2,3000,4,3,FALSE
2039,5,3000,2,1,FALSE
2040,2,3000,2,3,FALSE
2041,2,3000,1,4,FALSE
2042,3,3000,4,3,FALSE
2043,4,3000,3,0,FALSE
2044,2,3000,4,1,FALSE
2045,5,3000,1,1,FALSE
2046,2,3000,1,1,FALSE
2047,4,3000,1,2,FALSE
2048,2,3000,1,0,FALSE
2049,2,3000,2,0,FALSE
2050,3,3000,1,0,FALSE
2051,3,3000,2,4,FALSE
2052,2,3000,1,2,FALSE
2053,4,3000,5,1,FALSE
2054,2,3000,1,4,FALSE
2055,5,3000,1,0,FALSE
2056,1,3000,2,4,FALSE
2057,5,3000,3,3,FALSE
2058,3,3000,3,2,FALSE
2059,2,3000,3,0,FALSE
2060,2,3000,3,0,FALSE
2061,5,3000,2,1,FALSE
2062,1,3000,2,0,FALSE
2063,5,3000,4,0,FALSE
2064,1,3000,2,3,FALSE
2065,4,3000,4,1,FALSE
2066,1,3000,2,3,FALSE
2067,5,3000,3,4,FALSE
2068,1,3000,5,0,FALSE
2069,5,3000,5,0,FALSE
2070,4,3000,1,3,FALSE
2071,2,3000,4,3,FALSE
2072,2,3000,5,4,FALSE
2073,4,3000,1,1,FALSE
2074,1,3000,2,4,FALSE
2075,4,3000,4,4,FALSE
2076,3,3000,1,0,FALSE
2077,2,3000,4,4,FALSE
2078,2,3000,5,4,FALSE
2079,4,3000,1,2,FALSE
2080,1,3000,3,1,FALSE
2081,2,3000,2,0,FALSE
2082,5,3000,3,4,FALSE
2083,5,3000,3,3,FALSE
2084,5,3000,2,1,FALSE
2085,2,3000,3,2,FALSE
2086,4,3000,1,4,FALSE
2087,5,3000,1,3,FALSE
2088,5,3000,4,2,FALSE
2089,2,3000,2,4,FALSE
2090,4,3000,5,4,FALSE
2091,1,3000,2,4,FALSE
2092,1,3000,3,0,FALSE
2093,4,3000,5,2,FALSE
2094,2,3000,4,3,FALSE
2095,3,3000,2,2,FALSE
2096,4,3000,1,3,FALSE
2097,5,3000,5,0,FALSE
2098,2,3000,1,0,FALSE
2099,5,3000,4,1,FALSE
2100,4,3000,3,2,FALSE
2101,1,3000,3,2,FALSE
2102,5,3000,5,3,FALSE
2103,1,3000,1,3,FALSE
2104,2,3000,1,4,FALSE
2105,3,3000,2,0,FALSE
2106,2,3000,4,1,FALSE
2107,2,3000,2,0,FALSE
2108,3,3000,4,3,FALSE
2109,5,3000,4,0,FALSE
2110,2,3000,4,3,FALSE
2111,3,3000,4,4,FALSE
2112,2,3000,3,2,FALSE
2113,1,3000,4,1,FALSE
2114,5,3000,3,0,FALSE
2115,1,3000,3,4,FALSE
2116,2,3000,3,2,FALSE
2117,3,3000,5,2,FALSE
2118,1,3000,5,3,FALSE
2119,5,3000,5,1,FALSE
2120,4,3000,5,1,FALSE
2121,2,3000,1,2,FALSE
2122,1,3000,2,4,FALSE
2123,4,3000,5,3,FALSE
2124,4,3000,2,3,FALSE
2125,3,3000,1,0,FALSE
2126,3,3000,2,2,FALSE
2127,2,3000,1,4,FALSE
2128,4,3000,5,0,FALSE
2129,2,3000,3,1,FALSE
2130,3,3000,1,2,FALSE
2131,5,3000,4,2,FALSE
2132,3,3000,5,0,FALSE
2133,5,3000,4,4,FALSE
2134,3,3000,5,4,FALSE
2135,4,3000,3,3,FALSE
2136,1,3000,2,4,FALSE
2137,5,3000,5,0,FALSE
2138,1,3000,4,2,FALSE
2139,2,3000,2,1,FALSE
2140,1,3000,5,3,FALSE
2141,1,3000,1,0,FALSE
2142,3,3000,1,2,FALSE
2143,4,3000,4,4,FALSE
2144,1,3000,5,0,FALSE
2145,1,3000,1,1,FALSE
2146,4,3000,3,1,FALSE
2147,2,3000,3,4,FALSE
2148,3,3000,3,3,FALSE
2149,4,3000,3,2,FALSE
2150,1,3000,1,4,FALSE
2151,1,3000,5,3,FALSE
2152,3,3000,3,1,FALSE
2153,1,3000,5,0,FALSE
2154,4,3000,2,1,FALSE
2155,2,3000,5,2,FALSE
2156,2,3000,2,4,FALSE
2157,5,3000,1,3,FALSE
2158,4,3000,1,3,FALSE
2159,4,3000,5,1,FALSE
2160,5,3000,4,0,FALSE
2161,2,3000,4,2,FALSE
2162,4,3000,5,0,FALSE
2163,5,3000,4,2,FALSE
2164,1,3000,3,0,FALSE
2165,3,3000,1,0,FALSE
2166,4,3000,3,2,FALSE
2167,4,3000,4,3,FALSE
2168,4,3000,2,3,FALSE
2169,3,3000,1,3,FALSE
2170,4,3000,5,0,FALSE
2171,5,3000,4,1,FALSE
2172,5,3000,2,2,FALSE
2173,5,3000,1,4,FALSE
2174,1,3000,5,3,FALSE
2175,3,3000,3,0,FALSE
2176,2,3000,1,0,FALSE
2177,4,3000,3,3,FALSE
2178,1,3000,1,3,FALSE
2179,1,3000,5,3,FALSE
2180,5,3000,1,3,FALSE
2181,1,3000,5,1,FALSE
2182,2,3000,1,1,FALSE
2183,5,3000,5,0,FALSE
2184,2,3000,2,1,FALSE
2185,4,3000,2,2,FALSE
2186,4,3000,3,4,FALSE
2187,5,3000,2,1,FALSE
2188,2,3000,4,1,FALSE
2189,3,3000,5,3,FALSE
2190,5,3000,2,4,FALSE
2191,5,3000,5,1,FALSE
2192,1,3000,2,2,FALSE
2193,3,3000,1,2,FALSE
2194,5,3000,4,2,FALSE
2195,3,3000,2,0,FALSE
2196,1,3000,4,4,FALSE
2197,2,3000,3,3,FALSE
2198,1,3000,1,4,FALSE
2199,2,3000,1,1,FALSE
2200,3,3000,5,4,FALSE
2201,2,3000,2,1,FALSE
2202,3,3000,5,3,FALSE
2203,4,3000,3,0,FALSE
2204,5,3000,4,0,FALSE
2205,1,3000,2,3,FALSE
2206,5,3000,5,3,FALSE
2207,1,3000,5,2,FALSE
2208,3,3000,5,0,FALSE
2209,1,3000,2,3,FALSE
2210,4,3000,2,1,FALSE
2211,3,3000,3,1,FALSE
2212,4,3000,5,0,FALSE
2213,3,3000,3,3,FALSE
2214,3,3000,3,4,FALSE
2215,3,3000,5,3,FALSE
2216,5,3000,1,3,FALSE
2217,3,3000,2,0,FALSE
2218,4,3000,1,4,FALSE
2219,4,3000,1,4,FALSE
2220,1,3000,5,1,FALSE
2221,2,3000,4,4,FALSE
2222,3,3000,3,4,FALSE
2223,5,3000,4,0,FALSE
2224,5,3000,5,3,FALSE
2225,1,3000,5,2,FALSE
2226,2,3000,3,4,FALSE
2227,1,3000,1,4,FALSE
2228,2,3000,4,1,FALSE
2229,5,3000,5,1,FALSE
2230,3,3000,2,4,FALSE
2231,1,3000,1,3,FALSE
2232,3,3000,5,1,FALSE
2233,2,3000,5,3,FALSE
2234,2,3000,1,1,FALSE
2235,2,3000,2,3,FALSE
2236,1,3000,4,3,FALSE
2237,1,3000,1,3,FALSE
2238,2,3000,2,3,FALSE
2239,5,3000,5,4,FALSE
2240,4,3000,5,1,FALSE
2241,1,3000,3,1,FALSE
2242,3,3000,4,4,FALSE
2243,1,3000,4,4,FALSE
2244,4,3000,2,1,FALSE
2245,3,3000,4,1,FALSE
2246,4,3000,1,0,FALSE
2247,1,3000,4,4,FALSE
2248,5,3000,4,3,FALSE
2249,4,3000,5,4,FALSE
2250,3,3000,3,2,FALSE
2251,3,3000,4,3,FALSE
2252,2,3000,1,4,FALSE
2253,5,3000,1,2,FALSE
2254,1,3000,3,2,FALSE
2255,2,3000,5,1,FALSE
2256,4,3000,5,4,FALSE
2257,1,3000,1,2,FALSE
2258,1,3000,2,0,FALSE
2259,2,3000,2,4,FALSE
2260,5,3000,5,3,FALSE
2261,5,3000,1,0,FALSE
2262,2,3000,2,4,FALSE
2263,5,3000,2,2,FALSE
2264,2,3000,4,1,FALSE
2265,2,3000,5,1,FALSE
2266,5,3000,1,3,FALSE
2267,4,3000,5,2,FALSE
2268,4,3000,2,4,FALSE
2269,4,3000,1,3,FALSE
2270,2,3000,4,3,FALSE
2271,3,3000,2,2,FALSE
2272,1,3000,1,4,FALSE
2273,1,3000,1,4,FALSE
2274,5,3000,1,0,FALSE
2275,4,3000,4,2,FALSE
2276,5,3000,2,3,FALSE
2277,1,3000,2,3,FALSE
2278,2,3000,2,1,FALSE
2279,4,3000,3,4,FALSE
2280,2,3000,4,0,FALSE
2281,2,3000,3,3,FALSE
2282,4,3000,4,2,FALSE
2283,4,3000,3,3,FALSE
2284,1,3000,4,4,FALSE
2285,1,3000,3,4,FALSE
2286,1,3000,3,2,FALSE
2287,3,3000,1,4,FALSE
2288,1,3000,1,4,FALSE
2289,1,3000,2,3,FALSE
2290,5,3000,4,1,FALSE
2291,5,3000,2,3,FALSE
2292,5,3000,2,2,FALSE
2293,3,3000,3,0,FALSE
2294,1,3000,1,4,FALSE
2295,3,3000,2,2,FALSE
2296,5,3000,5,3,FALSE
2297,3,3000,5,2,FALSE
2298,3,3000,5,1,FALSE
2299,5,3000,2,0,FALSE
2300,5,3000,1,0,FALSE
2301,3,3000,5,3,FALSE
2302,1,3000,4,2,FALSE
2303,1,3000,1,2,FALSE
2304,2,3000,4,4,FALSE
2305,2,3000,4,2,FALSE
2306,5,3000,1,2,FALSE
2307,4,3000,5,0,FALSE
2308,2,3000,4,0,FALSE
2309,5,3000,3,4,FALSE
2310,2,3000,1,3,FALSE
2311,4,3000,4,0,FALSE
2312,3,3000,3,2,FALSE
2313,1,3000,5,3,FALSE
2314,3,3000,5,0,FALSE
2315,1,3000,2,2,FALSE
2316,2,3000,1,3,FALSE
2317,3,3000,1,3,FALSE
2318,1,3000,3,4,FALSE
2319,3,3000,5,3,FALSE
2320,1,3000,2,3,FALSE
2321,4,3000,3,3,FALSE
2322,1,3000,2,4,FALSE
2323,1,3000,5,0,FALSE
2324,3,3000,4,2,FALSE
2325,3,3000,2,4,FALSE
2326,4,3000,3,0,FALSE
2327,3,3000,5,3,FALSE
2328,1,3000,4,4,FALSE
2329,1,3000,1,3,FALSE
2330,2,3000,4,3,FALSE
2331,1,3000,3,1,FALSE
2332,4,3000,1,3,FALSE
2333,1,3000,3,1,FALSE
2334,3,3000,4,2,FALSE
2335,4,3000,5,1,FALSE
2336,3,3000,2,4,FALSE
2337,4,3000,3,3,FALSE
2338,2,3000,5,2,FALSE
2339,3,3000,3,3,FALSE
2340,2,3000,1,3,FALSE
2341,2,3000,1,3,FALSE
2342,5,3000,4,2,FALSE
2343,4,3000,4,1,FALSE
2344,5,3000,2,2,FALSE
2345,3,3000,3,1,FALSE
2346,4,3000,5,2,FALSE
2347,3,3000,1,3,FALSE
2348,2,3000,4,3,FALSE
2349,5,3000,2,4,FALSE
2350,5,3000,3,4,FALSE
2351,3,3000,4,0,FALSE
2352,4,3000,2,3,FALSE
2353,3,3000,3,4,FALSE
2354,1,3000,2,1,FALSE
2355,5,3000,2,3,FALSE
2356,4,3000,3,2,FALSE
2357,2,3000,1,3,FALSE
2358,2,3000,1,3,FALSE
2359,2,3000,4,1,FALSE
2360,4,3000,2,1,FALSE
2361,4,3000,1,4,FALSE
2362,2,3000,1,2,FALSE
2762,1,3000,4,3,FALSE
2763,5,3000,5,0,FALSE
2764,1,3000,2,1,FALSE
2765,1,3000,3,2,FALSE
2766,3,3000,1,2,FALSE
2767,5,3000,5,0,FALSE
2768,4,3000,3,0,FALSE
2769,5,3000,1,4,FALSE
2770,1,3000,3,0,FALSE
2771,5,3000,2,4,FALSE
2772,3,3000,5,2,FALSE
2773,1,3000,3,1,FALSE
2774,1,3000,3,3,FALSE
2775,1,3000,3,1,FALSE
2776,1,3000,5,3,FALSE
2777,1,3000,3,1,FALSE
2778,1,3000,3,2,FALSE
2779,4,3000,1,4,FALSE
2780,2,3000,3,1,FALSE
2781,2,3000,3,1,FALSE
2782,3,3000,1,3,FALSE
2783,5,3000,3,2,FALSE
2784,1,3000,4,4,FALSE
2785,5,3000,3,2,FALSE
2786,1,3000,2,4,FALSE
2787,1,3000,4,1,FALSE
2788,4,3000,1,2,FALSE
2789,3,3000,3,4,FALSE
2790,3,3000,5,1,FALSE
2791,2,3000,3,1,FALSE
2792,5,3000,3,2,FALSE
2793,1,3000,5,4,FALSE
2794,1,3000,1,3,FALSE
2795,3,3000,4,0,FALSE
2796,2,3000,2,2,FALSE
2797,5,3000,4,1,FALSE
2798,4,3000,2,4,FALSE
2799,2,3000,4,3,FALSE
2800,1,3000,1,0,FALSE
2801,4,3000,4,3,FALSE
2802,2,3000,5,1,FALSE
2803,3,3000,4,0,FALSE
2804,2,3000,2,1,FALSE
2805,1,3000,3,3,FALSE
2806,4,3000,5,2,FALSE
2807,1,3000,1,0,FALSE
2808,5,3000,2,3,FALSE
2809,5,3000,3,3,FALSE
2810,4,3000,5,4,FALSE
2811,1,3000,5,1,FALSE
2812,4,3000,4,4,FALSE
2813,1,3000,5,4,FALSE
2814,1,3000,1,4,FALSE
2815,3,3000,5,1,FALSE
2816,1,3000,2,0,FALSE
2817,1,3000,2,2,FALSE
2818,3,3000,2,4,FALSE
2819,4,3000,5,3,FALSE
2820,3,3000,2,4,FALSE
2821,5,3000,5,2,FALSE
2822,5,3000,2,3,FALSE
2823,1,3000,5,4,FALSE
2824,2,3000,1,0,FALSE
2825,3,3000,2,0,FALSE
2826,3,3000,2,3,FALSE
2827,1,3000,4,2,FALSE
2828,2,3000,2,0,FALSE
2829,2,3000,1,1,FALSE
2830,1,3000,5,0,FALSE
2831,5,3000,1,0,FALSE
2832,3,3000,5,1,FALSE
2833,3,3000,5,0,FALSE
2834,2,3000,5,2,FALSE
2835,1,3000,3,1,FALSE
2836,2,3000,5,0,FALSE
2837,4,3000,4,4,FALSE
2838,4,3000,1,2,FALSE
2839,3,3000,2,4,FALSE
2840,3,3000,1,2,FALSE
2841,2,3000,1,0,FALSE
2842,3,3000,5,4,FALSE
2843,1,3000,4,0,FALSE
2844,5,3000,1,4,FALSE
2845,5,3000,5,3,FALSE
2846,3,3000,2,4,FALSE
2847,1,3000,4,4,FALSE
2848,3,3000,1,3,FALSE
2849,5,3000,3,0,FALSE
2850,4,3000,1,4,FALSE
2851,2,3000,5,4,FALSE
2852,4,3000,3,0,FALSE
2853,4,3000,1,3,FALSE
2854,3,3000,2,2,FALSE
2855,4,3000,4,1,FALSE
2856,4,3000,1,0,FALSE
2857,3,3000,5,0,FALSE
2858,3,3000,4,4,FALSE
2859,2,3000,1,0,FALSE
2860,2,3000,2,4,FALSE
2861,1,3000,4,1,FALSE
2862,5,3000,2,1,FALSE
2863,3,3000,2,0,FALSE
2864,3,3000,3,1,FALSE
2865,4,3000,5,0,FALSE
2866,4,3000,3,0,FALSE
2867,5,3000,5,2,FALSE
2868,1,3000,5,3,FALSE
2869,5,3000,4,0,FALSE
2870,3,3000,2,3,FALSE
2871,3,3000,1,1,FALSE
2872,5,3000,5,4,FALSE
2873,5,3000,3,3,FALSE
2874,2,3000,2,0,FALSE
2875,5,3000,3,3,FALSE
2876,5,3000,1,4,FALSE
2877,3,3000,4,2,FALSE
2878,5,3000,3,0,FALSE
2879,3,3000,4,1,FALSE
2880,4,3000,1,2,FALSE
2881,4,3000,2,4,FALSE
2882,3,3000,4,4,FALSE
2883,1,3000,5,0,FALSE
2884,5,3000,3,0,FALSE
2885,3,3000,5,0,FALSE
2886,4,3000,2,1,FALSE
2887,2,3000,4,3,FALSE
2888,2,3000,4,3,FALSE
2889,3,3000,3,4,FALSE
2890,5,3000,3,3,FALSE
2891,2,3000,5,2,FALSE
2892,1,3000,2,2,FALSE
2893,4,3000,5,4,FALSE
2894,1,3000,4,0,FALSE
2895,1,3000,4,4,FALSE
2896,3,3000,3,3,FALSE
2897,2,3000,5,1,FALSE
2898,5,3000,1,3,FALSE
2899,5,3000,3,1,FALSE
2900,2,3000,4,2,FALSE
2901,1,3000,3,0,FALSE
2902,3,3000,4,3,FALSE
2903,2,3000,5,0,FALSE
2904,1,3000,3,4,FALSE
2905,3,3000,3,1,FALSE
2906,4,3000,4,0,FALSE
2907,2,3000,4,4,FALSE
2908,3,3000,1,3,FALSE
2909,1,3000,1,4,FALSE
2910,5,3000,5,2,FALSE
2911,3,3000,5,2,FALSE
2912,5,3000,4,0,FALSE
2913,1,3000,5,3,FALSE
2914,4,3000,5,0,FALSE
2915,3,3000,4,2,FALSE
2916,2,3000,5,3,FALSE
2917,2,3000,5,3,FALSE
2918,5,3000,2,2,FALSE
2919,4,3000,3,4,FALSE
2920,4,3000,3,0,FALSE
2921,4,3000,4,0,FALSE
2922,1,3000,2,0,FALSE
2923,3,3000,5,1,FALSE
2924,2,3000,5,0,FALSE
2925,5,3000,2,0,FALSE
2926,5,3000,1,1,FALSE
2927,1,3000,4,2,FALSE
2928,2,3000,1,3,FALSE
2929,5,3000,2,1,FALSE
2930,1,3000,1,3,FALSE
2931,5,3000,3,0,FALSE
2932,5,3000,5,2,FALSE
2933,4,3000,3,2,FALSE
2934,2,3000,4,2,FALSE
2935,5,3000,2,0,FALSE
2936,4,3000,3,0,FALSE
2937,3,3000,2,2,FALSE
2938,2,3000,4,0,FALSE
2939,1,3000,3,4,FALSE
2940,2,3000,3,2,FALSE
2941,5,3000,4,3,FALSE
2942,1,3000,5,1,FALSE
2943,2,3000,5,1,FALSE
2944,5,3000,3,2,FALSE
2945,3,3000,3,3,FALSE
2946,4,3000,1,2,FALSE
2947,2,3000,1,0,FALSE
2948,5,3000,1,3,FALSE
2949,3,3000,4,4,FALSE
2950,2,3000,1,3,FALSE
2951,5,3000,4,2,FALSE
2952,5,3000,2,2,FALSE
2953,5,3000,3,4,FALSE
2954,2,3000,2,4,FALSE
2955,4,3000,4,1,FALSE
2956,1,3000,4,4,FALSE
2957,1,3000,1,4,FALSE
2958,3,3000,1,1,FALSE
2959,3,3000,2,0,FALSE
2960,1,3000,3,4,FALSE
2961,4,3000,3,1,FALSE
2962,3,3000,5,4,FALSE
2963,5,3000,1,0,FALSE
2964,1,3000,4,4,FALSE
2965,4,3000,3,1,FALSE
2966,5,3000,4,3,FALSE
2967,3,3000,2,2,FALSE
2968,5,3000,3,0,FALSE
2969,4,3000,5,4,FALSE
2970,5,3000,2,4,FALSE
2971,4,3000,4,2,FALSE
2972,2,3000,1,0,FALSE
2973,5,3000,4,0,FALSE
2974,1,3000,5,0,FALSE
2975,5,3000,4,1,FALSE
2976,1,3000,3,3,FALSE
2977,1,3000,2,3,FALSE
2978,4,3000,2,0,FALSE
2979,2,3000,4,2,FALSE
2980,4,3000,2,2,FALSE
2981,1,3000,3,0,FALSE
2982,3,3000,3,0,FALSE
2983,3,3000,1,2,FALSE
2984,3,3000,1,3,FALSE
2985,4,3000,2,2,FALSE
2986,4,3000,5,3,FALSE
2987,5,3000,4,2,FALSE
2988,1,3000,1,1,FALSE
2989,1,3000,3,3,FALSE
2990,3,3000,3,4,FALSE
2991,2,3000,1,2,FALSE
2992,1,3000,5,0,FALSE
2993,2,3000,2,0,FALSE
2994,2,3000,3,0,FALSE
2995,3,3000,4,4,FALSE
2996,1,3000,5,4,FALSE
2997,5,3000,5,0,FALSE
2998,4,3000,5,3,FALSE
2999,3,3000,5,4,FALSE
3000,5,3000,2,0,FALSE
1500,4,3000,3,1,FALSE
1501,2,3000,3,0,FALSE
1502,2,3000,5,4,FALSE
1503,4,3000,5,1,FALSE
1504,5,3000,5,2,FALSE
1505,1,3000,3,0,FALSE
1506,5,3000,5,3,FALSE
1507,2,3000,3,1,FALSE
1508,4,3000,1,0,FALSE
1509,4,3000,2,4,FALSE
1510,3,3000,3,3,FALSE
1511,4,3000,2,2,FALSE
1512,4,3000,4,1,FALSE
1513,2,3000,4,4,FALSE
1514,5,3000,4,2,FALSE
1515,4,3000,4,1,FALSE
1516,4,3000,3,2,FALSE
1517,4,3000,5,0,FALSE
1518,5,3000,1,4,FALSE
1519,2,3000,5,2,FALSE
1520,5,3000,3,3,FALSE
1521,3,3000,1,3,FALSE
1522,3,3000,2,0,FALSE
1523,2,3000,2,3,FALSE
1524,5,3000,4,1,FALSE
1525,1,3000,5,4,FALSE
1526,5,3000,4,1,FALSE
1527,5,3000,2,0,FALSE
1528,2,3000,3,2,FALSE
1529,5,3000,3,4,FALSE
1530,1,3000,5,4,FALSE
1531,3,3000,5,2,FALSE
1532,1,3000,2,1,FALSE
1533,1,3000,2,3,FALSE
1534,5,3000,5,2,FALSE
1535,4,3000,4,1,FALSE
1536,3,3000,5,0,FALSE
1537,5,3000,2,0,FALSE
1538,5,3000,3,1,FALSE
1539,5,3000,4,1,FALSE
1540,3,3000,3,1,FALSE
1541,3,3000,5,1,FALSE
1542,5,3000,2,3,FALSE
1543,2,3000,2,4,FALSE
1544,5,3000,2,4,FALSE
1545,2,3000,5,1,FALSE
1546,5,3000,4,2,FALSE
1547,4,3000,2,4,FALSE
1548,3,3000,3,3,FALSE
1549,1,3000,1,2,FALSE
1550,1,3000,1,4,FALSE
1551,2,3000,4,4,FALSE
1552,1,3000,2,0,FALSE
1553,5,3000,1,3,FALSE
1554,4,3000,2,2,FALSE
1555,4,3000,1,2,FALSE
1556,4,3000,1,2,FALSE
1557,3,3000,3,0,FALSE
1558,2,3000,4,4,FALSE
1559,3,3000,3,0,FALSE
1560,2,3000,1,4,FALSE
1561,2,3000,1,2,FALSE
1562,3,3000,4,2,FALSE
1563,2,3000,4,2,FALSE
1564,2,3000,1,0,FALSE
1565,5,3000,2,4,FALSE
1566,1,3000,2,2,FALSE
1567,1,3000,2,0,FALSE
1568,2,3000,2,3,FALSE
1569,5,3000,1,4,FALSE
1570,5,3000,1,1,FALSE
1571,4,3000,5,3,FALSE
1572,2,3000,4,0,FALSE
1573,1,3000,4,0,FALSE
1574,5,3000,5,4,FALSE
1575,5,3000,4,3,FALSE
1576,5,3000,4,0,FALSE
1577,4,3000,2,1,FALSE
1578,4,3000,5,0,FALSE
1579,5,3000,1,1,FALSE
1580,1,3000,3,4,FALSE
1581,3,3000,3,0,FALSE
1582,3,3000,4,0,FALSE
1583,2,3000,1,2,FALSE
1584,3,3000,2,0,FALSE
1585,5,3000,2,2,FALSE
1586,5,3000,4,4,FALSE
1587,1,3000,2,3,FALSE
1588,1,3000,2,3,FALSE
1589,3,3000,4,3,FALSE
1590,5,3000,5,4,FALSE
1591,3,3000,1,0,FALSE
1592,3,3000,1,3,FALSE
1593,4,3000,4,3,FALSE
1594,1,3000,4,1,FALSE
1595,3,3000,1,2,FALSE
1596,3,3000,1,0,FALSE
1597,1,3000,3,2,FALSE
1598,5,3000,3,0,FALSE
1599,1,3000,3,3,FALSE
1600,1,3000,3,4,FALSE
1601,5,3000,1,0,FALSE
1602,1,3000,1,0,FALSE
1603,4,3000,1,0,FALSE
1604,5,3000,2,1,FALSE
1605,1,3000,3,2,FALSE
1606,2,3000,4,2,FALSE
1607,3,3000,2,0,FALSE
1608,4,3000,3,1,FALSE
1609,3,3000,3,1,FALSE
1610,1,3000,3,1,FALSE
1611,4,3000,5,1,FALSE
1612,5,3000,3,4,FALSE
1613,2,3000,1,4,FALSE
1614,5,3000,2,1,FALSE
1615,1,3000,4,0,FALSE
1616,5,3000,4,1,FALSE
1617,4,3000,3,1,FALSE
1618,3,3000,1,0,FALSE
1619,3,3000,4,4,FALSE
1620,3,3000,5,1,FALSE
1621,5,3000,1,2,FALSE
1622,1,3000,2,2,FALSE
1623,1,3000,5,3,FALSE
1624,4,3000,4,1,FALSE
1625,5,3000,1,3,FALSE
1626,2,3000,4,0,FALSE
1627,5,3000,4,2,FALSE
1628,3,3000,4,2,FALSE
1629,5,3000,2,1,FALSE
1630,3,3000,1,2,FALSE
1631,4,3000,3,4,FALSE
1632,4,3000,4,1,FALSE
1633,5,3000,1,3,FALSE
1634,2,3000,2,3,FALSE
1635,2,3000,5,2,FALSE
1636,2,3000,3,0,FALSE
1637,3,3000,3,2,FALSE
1638,4,3000,4,0,FALSE
1639,3,3000,2,0,FALSE
1640,4,3000,1,1,FALSE
1641,4,3000,4,2,FALSE
1642,3,3000,1,2,FALSE
1643,1,3000,2,3,FALSE
1644,3,3000,5,1,FALSE
1645,3,3000,4,4,FALSE
1646,1,3000,2,4,FALSE
1647,1,3000,3,3,FALSE
1648,2,3000,2,3,FALSE
1649,2,3000,5,0,FALSE
1650,1,3000,5,0,FALSE
1651,3,3000,4,3,FALSE
1652,1,3000,4,4,FALSE
1653,2,3000,5,1,FALSE
1654,2,3000,3,3,FALSE
1655,2,3000,4,2,FALSE
1656,4,3000,5,3,FALSE
1657,4,3000,1,3,FALSE
1658,1,3000,1,0,FALSE
1659,2,3000,3,2,FALSE
1660,1,3000,3,0,FALSE
1661,5,3000,1,2,FALSE
1662,1,3000,2,0,FALSE
1663,4,3000,1,0,FALSE
1664,4,3000,1,0,FALSE
1665,3,3000,2,1,FALSE
1666,5,3000,3,0,FALSE
1667,2,3000,3,1,FALSE
1668,4,3000,2,3,FALSE
1669,2,3000,3,2,FALSE
1670,1,3000,1,2,FALSE
1671,4,3000,4,4,FALSE
1672,3,3000,3,4,FALSE
1673,4,3000,3,2,FALSE
1674,5,3000,4,0,FALSE
1675,1,3000,4,4,FALSE
1676,2,3000,3,4,FALSE
1677,5,3000,5,3,FALSE
1678,4,3000,4,1,FALSE
1679,3,3000,5,0,FALSE
1680,3,3000,1,2,FALSE
1681,4,3000,1,1,FALSE
1682,4,3000,1,0,FALSE
1683,1,3000,5,2,FALSE
1684,3,3000,4,4,FALSE
1685,1,3000,3,1,FALSE
1686,3,3000,3,3,FALSE
1687,2,3000,5,4,FALSE
1688,3,3000,5,1,FALSE
1689,3,3000,4,1,FALSE
1690,2,3000,3,0,FALSE
1691,3,3000,3,0,FALSE
1692,1,3000,3,2,FALSE
1693,3,3000,1,4,FALSE
1694,3,3000,1,4,FALSE
1695,1,3000,5,2,FALSE
1696,1,3000,2,0,FALSE
1697,3,3000,2,1,FALSE
1698,5,3000,3,2,FALSE
1699,1,3000,5,3,FALSE
1700,4,3000,2,1,FALSE
1701,1,3000,3,4,FALSE
1702,1,3000,5,1,FALSE
1703,2,3000,3,0,FALSE
1704,1,3000,1,2,FALSE
1705,3,3000,3,4,FALSE
1706,3,3000,1,0,FALSE
1707,1,3000,1,1,FALSE
1708,2,3000,2,0,FALSE
1709,4,3000,3,3,FALSE
1710,5,3000,1,4,FALSE
1711,5,3000,1,3,FALSE
1712,5,3000,4,2,FALSE
1713,2,3000,4,1,FALSE
1714,2,3000,1,1,FALSE
1715,5,3000,5,4,FALSE
1716,2,3000,1,0,FALSE
1717,2,3000,5,3,FALSE
1718,5,3000,4,2,FALSE
1719,1,3000,4,2,FALSE
1720,4,3000,4,3,FALSE
1721,3,3000,1,1,FALSE
1722,5,3000,1,1,FALSE
1723,2,3000,1,2,FALSE
1724,1,3000,4,2,FALSE
1725,3,3000,1,4,FALSE
1726,3,3000,3,0,FALSE
1727,3,3000,5,0,FALSE
1728,4,3000,1,2,FALSE
1729,1,3000,1,4,FALSE
1730,3,3000,4,4,FALSE
1731,4,3000,4,2,FALSE
1732,4,3000,3,2,FALSE
1733,1,3000,4,1,FALSE
1734,3,3000,3,3,FALSE
1735,5,3000,1,0,FALSE
1736,1,3000,3,1,FALSE
1737,1,3000,3,0,FALSE
1,4,6000,4,0,TRUE
2,1,6000,4,2,TRUE
3,2,6000,3,2,TRUE
4,4,6000,4,1,TRUE
5,3,6000,3,2,TRUE
6,3,6000,1,2,TRUE
7,2,6000,5,3,TRUE
8,1,6000,4,4,TRUE
9,5,6000,1,1,TRUE
10,5,6000,5,3,TRUE
11,1,6000,5,3,TRUE
12,2,6000,2,2,TRUE
13,4,6000,3,2,TRUE
14,1,6000,5,4,TRUE
15,1,6000,1,3,TRUE
16,5,6000,2,1,TRUE
17,1,6000,3,2,TRUE
18,3,6000,2,4,TRUE
19,2,6000,5,0,TRUE
20,2,6000,2,0,TRUE
21,3,6000,4,4,TRUE
22,5,6000,1,4,TRUE
23,2,6000,3,0,TRUE
24,1,6000,1,2,TRUE
25,2,6000,4,1,TRUE
26,5,6000,4,3,TRUE
27,5,6000,1,2,TRUE
28,2,6000,5,3,TRUE
29,2,6000,3,1,TRUE
30,3,6000,3,3,TRUE
31,3,6000,4,3,TRUE
32,4,6000,4,0,TRUE
33,1,6000,3,2,TRUE
34,1,6000,5,3,TRUE
35,1,6000,3,1,TRUE
36,3,6000,2,0,TRUE
37,4,6000,2,4,TRUE
38,3,6000,1,3,TRUE
39,4,6000,1,3,TRUE
40,4,6000,1,4,TRUE
41,4,6000,5,2,TRUE
42,5,6000,3,2,TRUE
43,2,6000,5,1,TRUE
44,2,6000,1,0,TRUE
45,4,6000,1,4,TRUE
46,4,6000,2,2,TRUE
47,2,6000,1,2,TRUE
48,2,6000,2,2,TRUE
49,5,6000,3,1,TRUE
50,4,6000,3,4,TRUE
51,1,6000,5,2,TRUE
52,5,6000,4,0,TRUE
53,5,6000,2,1,TRUE
54,2,6000,5,3,TRUE
55,1,6000,2,0,TRUE
56,4,6000,2,0,TRUE
57,5,6000,2,2,TRUE
58,5,6000,5,4,TRUE
59,5,6000,3,1,TRUE
60,2,6000,3,1,TRUE
61,1,6000,5,4,TRUE
62,5,6000,1,4,TRUE
63,1,6000,3,2,TRUE
64,4,6000,4,0,TRUE
65,1,6000,5,1,TRUE
66,4,6000,2,0,TRUE
67,5,6000,5,1,TRUE
68,5,6000,3,2,TRUE
69,5,6000,1,0,TRUE
70,5,6000,4,3,TRUE
71,4,6000,2,2,TRUE
72,5,6000,4,4,TRUE
73,4,6000,4,4,TRUE
74,1,6000,5,2,TRUE
75,4,6000,5,0,TRUE
76,3,6000,3,2,TRUE
77,3,6000,1,0,TRUE
78,5,6000,1,1,TRUE
79,4,6000,5,4,TRUE
80,1,6000,2,4,TRUE
81,3,6000,2,3,TRUE
82,1,6000,2,2,TRUE
83,3,6000,4,4,TRUE
84,1,6000,1,3,TRUE
85,1,6000,3,0,TRUE
86,5,6000,3,1,TRUE
87,1,6000,5,4,TRUE
88,4,6000,4,4,TRUE
89,3,6000,4,2,TRUE
90,2,6000,5,1,TRUE
91,1,6000,1,0,TRUE
92,1,6000,1,2,TRUE
93,1,6000,3,3,TRUE
94,1,6000,3,0,TRUE
95,5,6000,3,2,TRUE
96,4,6000,2,1,TRUE
97,2,6000,5,4,TRUE
98,2,6000,4,3,TRUE
99,4,6000,5,4,TRUE
100,3,6000,5,4,TRUE
101,2,6000,2,3,TRUE
102,1,6000,5,0,TRUE
103,1,6000,2,1,TRUE
104,3,6000,2,0,TRUE
105,2,6000,4,2,TRUE
106,3,6000,5,0,TRUE
107,5,6000,1,4,TRUE
108,3,6000,5,2,TRUE
109,3,6000,4,1,TRUE
110,4,6000,5,3,TRUE
111,2,6000,4,0,TRUE
112,2,6000,2,2,TRUE
113,5,6000,2,4,TRUE
114,3,6000,1,2,TRUE
115,3,6000,2,0,TRUE
116,1,6000,3,4,TRUE
117,5,6000,1,4,TRUE
118,5,6000,1,1,TRUE
119,5,6000,3,2,TRUE
120,3,6000,5,4,TRUE
121,2,6000,2,2,TRUE
122,2,6000,1,0,TRUE
123,3,6000,5,1,TRUE
124,2,6000,4,2,TRUE
125,5,6000,4,4,TRUE
126,1,6000,3,4,TRUE
127,3,6000,4,4,TRUE
128,2,6000,3,3,TRUE
129,5,6000,1,2,TRUE
130,1,6000,2,0,TRUE
131,5,6000,3,3,TRUE
132,5,6000,1,1,TRUE
133,4,6000,2,3,TRUE
134,3,6000,3,3,TRUE
135,5,6000,1,4,TRUE
136,5,6000,4,1,TRUE
137,3,6000,1,1,TRUE
138,3,6000,4,0,TRUE
139,3,6000,4,0,TRUE
140,5,6000,3,4,TRUE
141,2,6000,2,3,TRUE
142,2,6000,4,1,TRUE
143,1,6000,4,1,TRUE
144,4,6000,2,0,TRUE
145,5,6000,5,3,TRUE
146,3,6000,2,1,TRUE
147,1,6000,5,0,TRUE
148,3,6000,5,1,TRUE
149,2,6000,2,1,TRUE
150,3,6000,2,2,TRUE
151,3,6000,2,0,TRUE
2363,4,3000,2,4,FALSE
2364,2,3000,3,3,FALSE
2365,1,3000,1,2,FALSE
2366,1,3000,1,2,FALSE
2367,2,3000,4,3,FALSE
2368,1,3000,2,0,FALSE
2369,4,3000,2,3,FALSE
2370,1,3000,1,1,FALSE
2371,5,3000,5,1,FALSE
2372,2,3000,2,2,FALSE
2373,5,3000,4,0,FALSE
2374,5,3000,2,0,FALSE
2375,5,3000,5,3,FALSE
2376,2,3000,3,2,FALSE
2377,4,3000,3,0,FALSE
2378,2,3000,3,2,FALSE
2379,5,3000,2,1,FALSE
2380,3,3000,4,1,FALSE
2381,1,3000,1,0,FALSE
2382,4,3000,4,1,FALSE
2383,2,3000,4,4,FALSE
2384,3,3000,1,1,FALSE
2385,2,3000,2,1,FALSE
2386,1,3000,1,4,FALSE
2387,2,3000,4,2,FALSE
2388,1,3000,4,4,FALSE
2389,5,3000,2,1,FALSE
2390,4,3000,2,2,FALSE
2391,4,3000,4,2,FALSE
2392,5,3000,3,1,FALSE
2393,1,3000,1,2,FALSE
2394,3,3000,1,0,FALSE
2395,3,3000,4,0,FALSE
2396,5,3000,4,4,FALSE
2397,4,3000,2,0,FALSE
2398,2,3000,5,3,FALSE
2399,1,3000,3,2,FALSE
2400,5,3000,3,0,FALSE
2401,4,3000,2,3,FALSE
2402,1,3000,3,0,FALSE
2403,1,3000,3,0,FALSE
2404,4,3000,3,1,FALSE
2405,1,3000,2,4,FALSE
2406,4,3000,2,0,FALSE
2407,5,3000,5,1,FALSE
2408,3,3000,4,0,FALSE
2409,1,3000,1,3,FALSE
2410,3,3000,4,2,FALSE
2411,3,3000,2,2,FALSE
2412,3,3000,3,4,FALSE
2413,3,3000,4,3,FALSE
2414,1,3000,2,3,FALSE
2415,1,3000,5,2,FALSE
2416,3,3000,2,0,FALSE
2417,1,3000,1,2,FALSE
2418,4,3000,1,4,FALSE
2419,1,3000,1,4,FALSE
2420,5,3000,3,3,FALSE
2421,4,3000,4,0,FALSE
2422,5,3000,1,3,FALSE
2423,5,3000,1,1,FALSE
2424,2,3000,5,2,FALSE
2425,5,3000,4,4,FALSE
2426,3,3000,5,1,FALSE
2427,2,3000,5,1,FALSE
2428,2,3000,5,0,FALSE
2429,4,3000,1,4,FALSE
2430,4,3000,3,2,FALSE
2431,1,3000,4,0,FALSE
2432,5,3000,4,1,FALSE
2433,4,3000,5,0,FALSE
2434,4,3000,3,3,FALSE
2435,4,3000,4,4,FALSE
2436,2,3000,1,0,FALSE
2437,1,3000,2,1,FALSE
2438,1,3000,4,4,FALSE
2439,2,3000,4,2,FALSE
2440,4,3000,1,4,FALSE
2441,1,3000,3,0,FALSE
2442,3,3000,1,3,FALSE
2443,1,3000,1,0,FALSE
2444,5,3000,2,1,FALSE
2445,2,3000,4,2,FALSE
2446,2,3000,3,4,FALSE
2447,1,3000,2,4,FALSE
2448,2,3000,5,1,FALSE
2449,3,3000,5,4,FALSE
2450,1,3000,1,4,FALSE
2451,1,3000,4,4,FALSE
2452,3,3000,5,4,FALSE
2453,5,3000,5,1,FALSE
2454,2,3000,1,2,FALSE
2455,4,3000,1,2,FALSE
2456,4,3000,4,0,FALSE
2457,2,3000,3,2,FALSE
2458,5,3000,1,2,FALSE
2459,1,3000,1,2,FALSE
2460,5,3000,4,0,FALSE
2461,2,3000,2,3,FALSE
2462,5,3000,3,3,FALSE
2463,4,3000,2,1,FALSE
2464,3,3000,3,0,FALSE
2465,4,3000,2,2,FALSE
2466,1,3000,1,3,FALSE
2467,2,3000,2,2,FALSE
2468,3,3000,2,1,FALSE
2469,2,3000,1,0,FALSE
2470,2,3000,2,1,FALSE
2471,3,3000,3,1,FALSE
2472,3,3000,1,4,FALSE
2473,4,3000,4,1,FALSE
2474,1,3000,5,1,FALSE
2475,4,3000,5,2,FALSE
2476,3,3000,1,0,FALSE
2477,2,3000,3,1,FALSE
2478,2,3000,2,0,FALSE
2479,3,3000,5,4,FALSE
2480,4,3000,1,3,FALSE
2481,5,3000,4,1,FALSE
2482,2,3000,5,3,FALSE
2483,2,3000,3,1,FALSE
2484,1,3000,4,4,FALSE
2485,1,3000,2,2,FALSE
2486,2,3000,1,3,FALSE
2487,4,3000,5,1,FALSE
2488,3,3000,4,2,FALSE
2489,2,3000,5,4,FALSE
2490,4,3000,5,4,FALSE
2491,4,3000,4,4,FALSE
2492,2,3000,4,2,FALSE
2493,5,3000,4,1,FALSE
2494,1,3000,4,0,FALSE
2495,1,3000,1,4,FALSE
2496,1,3000,1,3,FALSE
2497,2,3000,1,0,FALSE
2498,5,3000,4,4,FALSE
2499,3,3000,4,1,FALSE
2500,1,3000,1,4,FALSE
2501,5,3000,3,1,FALSE
2502,5,3000,4,3,FALSE
2503,5,3000,2,0,FALSE
2504,1,3000,5,3,FALSE
2505,3,3000,3,4,FALSE
2506,3,3000,3,3,FALSE
2507,1,3000,4,1,FALSE
2508,4,3000,3,3,FALSE
2509,4,3000,2,4,FALSE
2510,4,3000,5,4,FALSE
2511,3,3000,2,3,FALSE
2512,2,3000,2,4,FALSE
2513,2,3000,1,3,FALSE
2514,2,3000,3,0,FALSE
2515,4,3000,2,4,FALSE
2516,2,3000,1,4,FALSE
2517,1,3000,2,3,FALSE
2518,5,3000,5,2,FALSE
2519,4,3000,2,3,FALSE
2520,3,3000,2,1,FALSE
2521,3,3000,4,1,FALSE
2522,2,3000,1,1,FALSE
2523,2,3000,4,1,FALSE
2524,4,3000,3,3,FALSE
2525,5,3000,4,1,FALSE
2526,5,3000,4,2,FALSE
2527,4,3000,2,0,FALSE
2528,4,3000,3,1,FALSE
2529,5,3000,2,0,FALSE
2530,1,3000,5,3,FALSE
2531,3,3000,3,2,FALSE
2532,3,3000,1,2,FALSE
2533,5,3000,3,4,FALSE
2534,2,3000,1,3,FALSE
2535,3,3000,5,1,FALSE
2536,5,3000,4,3,FALSE
2537,2,3000,3,4,FALSE
2538,3,3000,5,4,FALSE
2539,2,3000,2,4,FALSE
2540,4,3000,1,1,FALSE
2541,2,3000,2,4,FALSE
2542,5,3000,5,1,FALSE
2543,2,3000,1,4,FALSE
2544,4,3000,2,0,FALSE
2545,5,3000,1,0,FALSE
2546,4,3000,5,0,FALSE
2547,5,3000,5,3,FALSE
2548,1,3000,1,4,FALSE
2549,5,3000,1,4,FALSE
2550,3,3000,4,3,FALSE
2551,5,3000,2,0,FALSE
2552,4,3000,4,3,FALSE
2553,5,3000,3,4,FALSE
2554,2,3000,5,1,FALSE
2555,1,3000,2,0,FALSE
2556,3,3000,3,3,FALSE
2557,2,3000,1,1,FALSE
2558,5,3000,1,3,FALSE
2559,1,3000,3,0,FALSE
2560,3,3000,4,3,FALSE
2561,1,3000,3,0,FALSE
2562,2,3000,2,1,FALSE
2563,5,3000,4,4,FALSE
2564,2,3000,5,3,FALSE
2565,3,3000,1,2,FALSE
2566,5,3000,5,1,FALSE
2567,2,3000,1,0,FALSE
2568,3,3000,1,0,FALSE
2569,3,3000,2,0,FALSE
2570,5,3000,3,4,FALSE
2571,1,3000,1,4,FALSE
2572,5,3000,4,4,FALSE
2573,2,3000,4,4,FALSE
2574,1,3000,4,0,FALSE
2575,1,3000,1,0,FALSE
2576,2,3000,3,2,FALSE
2577,3,3000,5,3,FALSE
2578,4,3000,1,1,FALSE
2579,1,3000,1,0,FALSE
2580,1,3000,5,0,FALSE
2581,5,3000,3,4,FALSE
2582,5,3000,5,2,FALSE
2583,2,3000,1,0,FALSE
2584,4,3000,4,2,FALSE
2585,1,3000,4,2,FALSE
2586,4,3000,4,3,FALSE
2587,4,3000,4,3,FALSE
2588,5,3000,4,1,FALSE
2589,3,3000,5,3,FALSE
2590,5,3000,1,2,FALSE
2591,4,3000,5,0,FALSE
2592,4,3000,1,0,FALSE
2593,2,3000,1,3,FALSE
2594,4,3000,4,2,FALSE
2595,5,3000,5,1,FALSE
2596,3,3000,4,3,FALSE
2597,4,3000,2,1,FALSE
2598,3,3000,4,4,FALSE
2599,4,3000,4,1,FALSE
2600,2,3000,1,1,FALSE
2601,2,3000,3,3,FALSE
2602,2,3000,2,4,FALSE
2603,2,3000,4,4,FALSE
2604,2,3000,5,1,FALSE
2605,3,3000,3,1,FALSE
2606,3,3000,5,1,FALSE
2607,5,3000,5,0,FALSE
2608,4,3000,3,0,FALSE
2609,4,3000,2,1,FALSE
2610,5,3000,5,3,FALSE
2611,1,3000,4,0,FALSE
2612,2,3000,2,0,FALSE
2613,2,3000,3,0,FALSE
2614,2,3000,2,0,FALSE
2615,5,3000,5,0,FALSE
2616,3,3000,1,4,FALSE
2617,3,3000,1,4,FALSE
2618,5,3000,2,1,FALSE
2619,3,3000,2,3,FALSE
2620,2,3000,5,4,FALSE
2621,1,3000,1,4,FALSE
2622,5,3000,5,3,FALSE
2623,1,3000,5,2,FALSE
2624,2,3000,1,2,FALSE
2625,1,3000,2,1,FALSE
2626,2,3000,1,4,FALSE
2627,2,3000,2,3,FALSE
2628,5,3000,4,0,FALSE
2629,4,3000,2,1,FALSE
2630,1,3000,1,0,FALSE
2631,4,3000,5,2,FALSE
2632,3,3000,1,3,FALSE
2633,4,3000,4,0,FALSE
2634,1,3000,3,3,FALSE
2635,1,3000,2,1,FALSE
2636,2,3000,5,4,FALSE
2637,5,3000,2,4,FALSE
2638,1,3000,5,3,FALSE
2639,1,3000,3,2,FALSE
2640,2,3000,1,4,FALSE
2641,2,3000,4,4,FALSE
2642,3,3000,2,4,FALSE
2643,5,3000,5,2,FALSE
2644,1,3000,2,1,FALSE
2645,2,3000,1,4,FALSE
2646,3,3000,1,0,FALSE
2647,1,3000,3,2,FALSE
2648,5,3000,3,2,FALSE
2649,1,3000,4,2,FALSE
2650,5,3000,4,3,FALSE
2651,4,3000,2,2,FALSE
2652,3,3000,2,0,FALSE
2653,4,3000,4,4,FALSE
2654,1,3000,3,1,FALSE
2655,5,3000,4,2,FALSE
2656,2,3000,5,1,FALSE
2657,3,3000,1,1,FALSE
2658,3,3000,2,2,FALSE
2659,2,3000,4,3,FALSE
2660,2,3000,2,1,FALSE
2661,2,3000,4,4,FALSE
2662,1,3000,4,3,FALSE
2663,2,3000,4,1,FALSE
2664,2,3000,3,3,FALSE
2665,1,3000,3,2,FALSE
2666,3,3000,4,0,FALSE
2667,4,3000,2,4,FALSE
2668,5,3000,1,2,FALSE
2669,3,3000,1,4,FALSE
2670,2,3000,5,1,FALSE
2671,2,3000,5,1,FALSE
2672,1,3000,5,0,FALSE
2673,5,3000,4,3,FALSE
2674,4,3000,1,0,FALSE
2675,5,3000,2,3,FALSE
2676,3,3000,2,1,FALSE
2677,4,3000,4,2,FALSE
2678,5,3000,3,2,FALSE
2679,5,3000,3,4,FALSE
2680,3,3000,4,4,FALSE
2681,2,3000,1,0,FALSE
2682,3,3000,3,4,FALSE
2683,2,3000,2,4,FALSE
2684,3,3000,1,3,FALSE
2685,2,3000,5,2,FALSE
2686,3,3000,5,0,FALSE
2687,1,3000,1,0,FALSE
2688,3,3000,5,4,FALSE
2689,4,3000,5,1,FALSE
2690,2,3000,5,2,FALSE
2691,1,3000,5,0,FALSE
2692,1,3000,2,4,FALSE
2693,4,3000,3,1,FALSE
2694,1,3000,2,3,FALSE
2695,4,3000,2,3,FALSE
2696,2,3000,1,2,FALSE
2697,4,3000,3,3,FALSE
2698,3,3000,5,3,FALSE
2699,1,3000,4,2,FALSE
2700,1,3000,2,0,FALSE
2701,5,3000,3,1,FALSE
2702,2,3000,3,4,FALSE
2703,4,3000,1,4,FALSE
2704,4,3000,3,4,FALSE
2705,4,3000,1,1,FALSE
2706,3,3000,4,0,FALSE
2707,5,3000,5,4,FALSE
2708,2,3000,5,4,FALSE
2709,2,3000,1,0,FALSE
2710,2,3000,2,0,FALSE
2711,2,3000,2,0,FALSE
2712,2,3000,4,2,FALSE
2713,5,3000,1,4,FALSE
2714,4,3000,4,1,FALSE
2715,3,3000,1,3,FALSE
2716,4,3000,5,2,FALSE
2717,4,3000,5,1,FALSE
2718,4,3000,1,1,FALSE
2719,5,3000,1,0,FALSE
2720,5,3000,4,1,FALSE
2721,3,3000,5,4,FALSE
2722,3,3000,2,3,FALSE
2723,1,3000,1,2,FALSE
2724,1,3000,3,3,FALSE
2725,5,3000,3,3,FALSE
2726,5,3000,2,3,FALSE
2727,4,3000,5,1,FALSE
2728,5,3000,1,2,FALSE
2729,1,3000,2,0,FALSE
2730,4,3000,3,4,FALSE
2731,4,3000,5,3,FALSE
2732,3,3000,4,2,FALSE
2733,5,3000,1,0,FALSE
2734,1,3000,4,2,FALSE
2735,1,3000,3,1,FALSE
2736,5,3000,5,4,FALSE
2737,5,3000,5,2,FALSE
2738,5,3000,1,1,FALSE
2739,1,3000,3,0,FALSE
2740,3,3000,2,3,FALSE
2741,2,3000,2,0,FALSE
2742,1,3000,3,2,FALSE
2743,4,3000,1,2,FALSE
2744,1,3000,5,1,FALSE
2745,4,3000,4,4,FALSE
2746,1,3000,4,0,FALSE
2747,3,3000,4,0,FALSE
2748,4,3000,4,2,FALSE
2749,3,3000,3,4,FALSE
2750,2,3000,4,1,FALSE
2751,1,3000,2,3,FALSE
2752,3,3000,5,3,FALSE
2753,2,3000,2,4,FALSE
2754,4,3000,1,4,FALSE
2755,2,3000,1,4,FALSE
2756,5,3000,5,4,FALSE
2757,3,3000,3,4,FALSE
2758,4,3000,4,2,FALSE
2759,1,3000,3,2,FALSE
2760,1,3000,4,1,FALSE
2761,5,3000,5,1,FALSE
548,3,6000,2,4,TRUE
549,2,6000,1,0,TRUE
550,1,6000,2,0,TRUE
551,2,6000,3,4,TRUE
552,2,6000,5,3,TRUE
553,5,6000,1,1,TRUE
554,3,6000,4,0,TRUE
555,4,6000,3,0,TRUE
556,1,6000,3,1,TRUE
557,5,6000,4,1,TRUE
558,1,6000,5,3,TRUE
559,4,6000,5,1,TRUE
560,5,6000,5,4,TRUE
561,5,6000,5,4,TRUE
562,5,6000,3,2,TRUE
563,1,6000,4,4,TRUE
564,2,6000,3,3,TRUE
565,2,6000,3,4,TRUE
566,1,6000,5,2,TRUE
567,3,6000,4,0,TRUE
568,1,6000,2,2,TRUE
569,4,6000,4,2,TRUE
570,3,6000,3,0,TRUE
571,5,6000,5,0,TRUE
572,4,6000,1,3,TRUE
573,3,6000,1,1,TRUE
574,5,6000,1,0,TRUE
575,2,6000,1,1,TRUE
576,3,6000,3,2,TRUE
577,2,6000,1,3,TRUE
578,4,6000,4,2,TRUE
579,5,6000,1,1,TRUE
580,4,6000,1,1,TRUE
581,1,6000,4,2,TRUE
582,3,6000,1,2,TRUE
583,5,6000,5,3,TRUE
584,4,6000,4,2,TRUE
585,2,6000,4,3,TRUE
586,3,6000,5,3,TRUE
587,3,6000,3,0,TRUE
588,4,6000,4,3,TRUE
589,3,6000,1,4,TRUE
590,1,6000,5,3,TRUE
591,1,6000,1,4,TRUE
592,5,6000,2,3,TRUE
593,5,6000,1,3,TRUE
594,3,6000,4,3,TRUE
595,4,6000,3,3,TRUE
596,2,6000,2,1,TRUE
597,5,6000,3,2,TRUE
598,4,6000,5,0,TRUE
599,5,6000,1,2,TRUE
600,3,6000,3,3,TRUE
601,1,6000,3,1,TRUE
602,5,6000,2,3,TRUE
603,2,6000,1,3,TRUE
604,5,6000,2,2,TRUE
605,3,6000,2,3,TRUE
606,4,6000,4,3,TRUE
607,3,6000,2,4,TRUE
608,5,6000,4,3,TRUE
609,3,6000,4,0,TRUE
610,1,6000,4,0,TRUE
611,3,6000,5,2,TRUE
612,2,6000,2,1,TRUE
613,3,6000,3,3,TRUE
614,3,6000,5,1,TRUE
615,3,6000,1,3,TRUE
616,2,6000,3,0,TRUE
617,2,6000,3,1,TRUE
618,1,6000,4,1,TRUE
619,5,6000,3,3,TRUE
620,5,6000,3,3,TRUE
621,2,6000,2,1,TRUE
622,1,6000,4,1,TRUE
623,2,6000,5,3,TRUE
624,1,6000,1,2,TRUE
625,4,6000,3,3,TRUE
626,5,6000,2,4,TRUE
627,3,6000,5,0,TRUE
628,4,6000,5,2,TRUE
629,3,6000,1,4,TRUE
630,4,6000,5,0,TRUE
631,4,6000,5,4,TRUE
632,5,6000,1,0,TRUE
633,4,6000,5,2,TRUE
634,3,6000,2,0,TRUE
635,3,6000,1,0,TRUE
636,2,6000,2,2,TRUE
637,2,6000,5,4,TRUE
638,2,6000,2,1,TRUE
639,5,6000,4,1,TRUE
640,4,6000,1,4,TRUE
641,4,6000,3,1,TRUE
642,2,6000,1,1,TRUE
643,4,6000,2,4,TRUE
644,1,6000,4,3,TRUE
645,1,6000,2,2,TRUE
646,3,6000,5,1,TRUE
647,2,6000,5,3,TRUE
648,2,6000,1,2,TRUE
649,3,6000,1,2,TRUE
650,5,6000,1,2,TRUE
651,1,6000,2,1,TRUE
652,4,6000,3,4,TRUE
653,2,6000,3,0,TRUE
654,2,6000,1,4,TRUE
655,3,6000,1,4,TRUE
656,2,6000,2,0,TRUE
657,1,6000,5,1,TRUE
658,5,6000,4,2,TRUE
659,1,6000,2,0,TRUE
660,2,6000,3,4,TRUE
661,4,6000,3,4,TRUE
662,5,6000,2,1,TRUE
663,2,6000,4,1,TRUE
664,5,6000,2,2,TRUE
665,5,6000,4,2,TRUE
666,5,6000,4,4,TRUE
667,1,6000,5,1,TRUE
668,1,6000,5,2,TRUE
669,4,6000,2,1,TRUE
670,2,6000,2,1,TRUE
671,5,6000,3,2,TRUE
672,2,6000,4,1,TRUE
673,5,6000,4,3,TRUE
674,5,6000,5,4,TRUE
675,4,6000,1,2,TRUE
676,1,6000,4,0,TRUE
677,3,6000,2,1,TRUE
678,3,6000,4,3,TRUE
679,3,6000,2,2,TRUE
680,1,6000,4,4,TRUE
681,4,6000,5,4,TRUE
682,2,6000,5,1,TRUE
683,1,6000,1,0,TRUE
684,2,6000,2,2,TRUE
685,4,6000,4,4,TRUE
686,3,6000,1,4,TRUE
687,2,6000,3,3,TRUE
688,5,6000,3,1,TRUE
689,3,6000,3,3,TRUE
690,3,6000,5,3,TRUE
691,4,6000,2,4,TRUE
692,1,6000,3,2,TRUE
693,5,6000,4,4,TRUE
694,1,6000,4,0,TRUE
695,3,6000,1,1,TRUE
696,3,6000,3,2,TRUE
697,3,6000,3,3,TRUE
698,5,6000,1,0,TRUE
699,1,6000,4,3,TRUE
700,2,6000,1,4,TRUE
701,4,6000,1,4,TRUE
702,5,6000,1,4,TRUE
703,4,6000,1,3,TRUE
704,4,6000,1,3,TRUE
705,1,6000,1,3,TRUE
706,5,6000,2,0,TRUE
707,2,6000,3,4,TRUE
708,5,6000,1,4,TRUE
709,3,6000,5,3,TRUE
710,1,6000,2,4,TRUE
711,2,6000,4,1,TRUE
712,3,6000,2,0,TRUE
713,3,6000,2,3,TRUE
714,1,6000,2,1,TRUE
715,5,6000,4,4,TRUE
716,5,6000,5,3,TRUE
717,5,6000,1,1,TRUE
718,5,6000,2,3,TRUE
719,1,6000,5,3,TRUE
720,3,6000,3,3,TRUE
721,4,6000,5,2,TRUE
722,1,6000,2,3,TRUE
723,5,6000,1,4,TRUE
724,3,6000,5,3,TRUE
725,2,6000,3,4,TRUE
726,5,6000,1,2,TRUE
727,5,6000,5,1,TRUE
728,1,6000,4,0,TRUE
729,3,6000,1,2,TRUE
730,2,6000,5,1,TRUE
731,2,6000,2,0,TRUE
732,2,6000,4,3,TRUE
733,5,6000,1,3,TRUE
734,2,6000,1,2,TRUE
735,5,6000,5,0,TRUE
736,2,6000,4,0,TRUE
737,3,6000,5,3,TRUE
738,3,6000,1,0,TRUE
739,1,6000,2,2,TRUE
740,3,6000,3,1,TRUE
741,2,6000,4,2,TRUE
742,1,6000,3,4,TRUE
743,4,6000,3,3,TRUE
744,3,6000,4,1,TRUE
745,1,6000,4,3,TRUE
746,1,6000,2,3,TRUE
747,2,6000,5,3,TRUE
748,5,6000,2,0,TRUE
749,5,6000,4,4,TRUE
750,3,6000,2,1,TRUE
751,3,6000,2,3,TRUE
752,3,6000,4,4,TRUE
753,2,6000,4,2,TRUE
754,4,6000,4,2,TRUE
755,5,6000,2,1,TRUE
756,5,6000,5,2,TRUE
757,4,6000,1,0,TRUE
758,4,6000,1,3,TRUE
759,1,6000,2,2,TRUE
760,2,6000,1,2,TRUE
761,1,6000,4,0,TRUE
762,3,6000,1,1,TRUE
763,5,6000,3,2,TRUE
764,4,6000,1,3,TRUE
765,5,6000,3,3,TRUE
766,1,6000,4,0,TRUE
767,3,6000,3,3,TRUE
768,4,6000,5,0,TRUE
769,2,6000,4,4,TRUE
770,5,6000,5,2,TRUE
771,2,6000,2,2,TRUE
772,4,6000,3,1,TRUE
773,2,6000,2,3,TRUE
774,1,6000,5,0,TRUE
775,4,6000,2,3,TRUE
776,3,6000,4,4,TRUE
777,2,6000,5,0,TRUE
778,2,6000,2,1,TRUE
152,1,6000,5,1,TRUE
153,2,6000,1,1,TRUE
154,1,6000,3,4,TRUE
155,4,6000,5,2,TRUE
156,1,6000,1,1,TRUE
157,5,6000,5,2,TRUE
158,1,6000,4,3,TRUE
159,5,6000,5,3,TRUE
160,3,6000,2,2,TRUE
161,4,6000,2,2,TRUE
162,5,6000,2,3,TRUE
163,5,6000,2,0,TRUE
164,5,6000,4,1,TRUE
165,1,6000,3,4,TRUE
166,3,6000,4,2,TRUE
167,4,6000,3,3,TRUE
168,2,6000,4,2,TRUE
169,5,6000,3,1,TRUE
170,4,6000,5,3,TRUE
171,4,6000,2,4,TRUE
172,1,6000,5,1,TRUE
173,2,6000,5,2,TRUE
174,3,6000,2,2,TRUE
175,1,6000,2,1,TRUE
176,1,6000,4,2,TRUE
177,4,6000,4,2,TRUE
178,5,6000,4,4,TRUE
179,4,6000,5,3,TRUE
180,1,6000,4,0,TRUE
181,5,6000,1,4,TRUE
182,4,6000,2,1,TRUE
183,4,6000,2,4,TRUE
184,4,6000,2,0,TRUE
185,3,6000,2,2,TRUE
186,4,6000,4,4,TRUE
187,1,6000,1,3,TRUE
188,4,6000,2,2,TRUE
189,4,6000,2,4,TRUE
190,2,6000,2,2,TRUE
191,1,6000,1,0,TRUE
192,1,6000,2,0,TRUE
193,3,6000,3,0,TRUE
194,2,6000,4,1,TRUE
195,3,6000,1,4,TRUE
196,3,6000,3,2,TRUE
197,2,6000,4,4,TRUE
198,2,6000,1,4,TRUE
199,3,6000,2,0,TRUE
200,5,6000,4,2,TRUE
201,5,6000,4,1,TRUE
202,1,6000,4,2,TRUE
203,2,6000,1,4,TRUE
204,3,6000,2,3,TRUE
205,5,6000,1,4,TRUE
206,1,6000,2,3,TRUE
207,4,6000,3,0,TRUE
208,1,6000,2,3,TRUE
209,2,6000,1,3,TRUE
210,5,6000,1,4,TRUE
211,1,6000,3,4,TRUE
212,3,6000,2,0,TRUE
213,3,6000,3,0,TRUE
214,3,6000,2,0,TRUE
215,3,6000,3,0,TRUE
216,4,6000,2,3,TRUE
217,5,6000,5,0,TRUE
218,3,6000,4,2,TRUE
219,1,6000,5,0,TRUE
220,4,6000,1,1,TRUE
221,3,6000,3,1,TRUE
222,3,6000,1,0,TRUE
223,2,6000,3,3,TRUE
224,2,6000,5,0,TRUE
225,3,6000,4,1,TRUE
226,4,6000,5,3,TRUE
227,5,6000,1,3,TRUE
228,5,6000,5,3,TRUE
229,4,6000,2,2,TRUE
230,2,6000,3,3,TRUE
231,5,6000,3,4,TRUE
232,2,6000,5,3,TRUE
233,1,6000,2,2,TRUE
234,1,6000,2,2,TRUE
235,2,6000,5,3,TRUE
236,1,6000,5,2,TRUE
237,2,6000,5,4,TRUE
238,5,6000,3,0,TRUE
239,1,6000,2,4,TRUE
240,2,6000,4,0,TRUE
241,4,6000,4,1,TRUE
242,4,6000,5,4,TRUE
243,3,6000,2,2,TRUE
244,3,6000,3,1,TRUE
245,5,6000,2,1,TRUE
246,3,6000,2,0,TRUE
247,1,6000,3,4,TRUE
248,2,6000,2,3,TRUE
249,2,6000,2,0,TRUE
250,1,6000,3,0,TRUE
251,1,6000,4,3,TRUE
252,2,6000,1,4,TRUE
253,4,6000,5,3,TRUE
254,1,6000,3,3,TRUE
255,1,6000,1,4,TRUE
256,4,6000,3,4,TRUE
257,3,6000,3,4,TRUE
258,4,6000,1,1,TRUE
259,1,6000,4,2,TRUE
260,5,6000,1,4,TRUE
261,3,6000,2,3,TRUE
262,3,6000,3,3,TRUE
263,3,6000,4,3,TRUE
264,3,6000,3,2,TRUE
265,1,6000,4,1,TRUE
266,3,6000,1,1,TRUE
267,2,6000,3,1,TRUE
268,3,6000,2,4,TRUE
269,5,6000,3,1,TRUE
270,2,6000,2,3,TRUE
271,2,6000,5,0,TRUE
272,3,6000,5,1,TRUE
273,4,6000,2,2,TRUE
274,1,6000,4,4,TRUE
275,1,6000,4,1,TRUE
276,1,6000,4,1,TRUE
277,3,6000,2,4,TRUE
278,5,6000,3,4,TRUE
279,2,6000,3,4,TRUE
280,4,6000,2,1,TRUE
281,3,6000,4,3,TRUE
282,4,6000,5,0,TRUE
283,3,6000,3,3,TRUE
284,5,6000,3,2,TRUE
285,4,6000,3,3,TRUE
286,2,6000,2,4,TRUE
287,2,6000,3,4,TRUE
288,4,6000,4,2,TRUE
289,2,6000,4,1,TRUE
290,4,6000,4,4,TRUE
291,1,6000,3,3,TRUE
292,5,6000,3,3,TRUE
293,4,6000,1,3,TRUE
294,5,6000,1,0,TRUE
295,4,6000,3,1,TRUE
296,2,6000,3,3,TRUE
297,2,6000,5,3,TRUE
298,4,6000,5,0,TRUE
299,1,6000,1,0,TRUE
300,5,6000,3,1,TRUE
301,2,6000,4,0,TRUE
302,4,6000,2,3,TRUE
303,3,6000,4,3,TRUE
304,1,6000,4,4,TRUE
305,5,6000,1,3,TRUE
306,5,6000,5,3,TRUE
307,1,6000,1,4,TRUE
308,4,6000,2,0,TRUE
309,3,6000,1,2,TRUE
310,2,6000,1,3,TRUE
311,5,6000,1,1,TRUE
312,1,6000,4,2,TRUE
313,3,6000,1,2,TRUE
314,3,6000,3,4,TRUE
315,2,6000,4,1,TRUE
316,4,6000,2,1,TRUE
317,4,6000,1,1,TRUE
318,5,6000,5,3,TRUE
319,2,6000,2,3,TRUE
320,3,6000,2,4,TRUE
321,2,6000,1,1,TRUE
322,5,6000,4,2,TRUE
323,2,6000,4,1,TRUE
324,2,6000,5,2,TRUE
325,3,6000,5,0,TRUE
326,3,6000,3,1,TRUE
327,1,6000,3,4,TRUE
328,5,6000,2,2,TRUE
329,4,6000,4,4,TRUE
330,3,6000,4,4,TRUE
331,4,6000,5,4,TRUE
332,4,6000,1,1,TRUE
333,1,6000,2,3,TRUE
334,3,6000,4,3,TRUE
335,5,6000,1,2,TRUE
336,2,6000,1,2,TRUE
337,4,6000,1,2,TRUE
338,2,6000,4,2,TRUE
339,1,6000,2,1,TRUE
340,5,6000,5,0,TRUE
341,2,6000,4,4,TRUE
342,3,6000,1,1,TRUE
343,5,6000,4,4,TRUE
344,3,6000,3,3,TRUE
345,1,6000,5,1,TRUE
346,2,6000,3,0,TRUE
347,2,6000,1,3,TRUE
348,2,6000,2,4,TRUE
349,3,6000,1,4,TRUE
350,4,6000,1,2,TRUE
351,1,6000,1,1,TRUE
352,4,6000,1,3,TRUE
353,3,6000,1,0,TRUE
354,3,6000,4,1,TRUE
355,2,6000,2,1,TRUE
356,2,6000,5,0,TRUE
357,4,6000,4,0,TRUE
358,5,6000,1,2,TRUE
359,1,6000,3,4,TRUE
360,1,6000,4,3,TRUE
361,2,6000,5,0,TRUE
362,4,6000,4,3,TRUE
363,4,6000,1,3,TRUE
364,5,6000,1,4,TRUE
365,3,6000,4,2,TRUE
366,2,6000,4,1,TRUE
367,2,6000,3,4,TRUE
368,1,6000,5,4,TRUE
369,2,6000,3,3,TRUE
370,4,6000,5,0,TRUE
371,1,6000,4,4,TRUE
372,2,6000,2,3,TRUE
373,4,6000,5,4,TRUE
374,3,6000,3,0,TRUE
375,5,6000,2,2,TRUE
376,1,6000,1,4,TRUE
377,1,6000,5,4,TRUE
378,3,6000,3,1,TRUE
379,1,6000,5,1,TRUE
380,5,6000,5,4,TRUE
381,4,6000,4,3,TRUE
382,3,6000,1,4,TRUE
383,5,6000,1,0,TRUE
384,1,6000,3,4,TRUE
385,4,6000,5,2,TRUE
386,2,6000,5,0,TRUE
387,5,6000,4,3,TRUE
388,5,6000,5,1,TRUE
389,2,6000,4,1,TRUE
390,1,6000,3,3,TRUE
391,2,6000,3,1,TRUE
392,5,6000,4,3,TRUE
393,3,6000,2,2,TRUE
394,2,6000,3,2,TRUE
395,2,6000,4,0,TRUE
396,5,6000,5,4,TRUE
397,3,6000,4,3,TRUE
398,3,6000,2,3,TRUE
399,2,6000,5,3,TRUE
400,4,6000,3,1,TRUE
401,3,6000,1,1,TRUE
402,3,6000,1,2,TRUE
403,4,6000,2,4,TRUE
404,5,6000,2,4,TRUE
405,2,6000,4,1,TRUE
406,5,6000,2,0,TRUE
407,3,6000,1,1,TRUE
408,2,6000,5,3,TRUE
409,2,6000,5,3,TRUE
410,2,6000,4,1,TRUE
411,2,6000,3,2,TRUE
412,3,6000,3,4,TRUE
413,5,6000,5,0,TRUE
414,3,6000,2,1,TRUE
415,2,6000,4,1,TRUE
416,1,6000,1,1,TRUE
417,4,6000,5,2,TRUE
418,3,6000,4,0,TRUE
419,1,6000,5,0,TRUE
420,5,6000,4,0,TRUE
421,5,6000,3,2,TRUE
422,2,6000,2,4,TRUE
423,5,6000,2,4,TRUE
424,1,6000,1,3,TRUE
425,3,6000,5,3,TRUE
426,5,6000,5,0,TRUE
427,2,6000,5,4,TRUE
428,3,6000,3,3,TRUE
429,4,6000,4,3,TRUE
430,2,6000,5,1,TRUE
431,5,6000,3,1,TRUE
432,2,6000,5,0,TRUE
433,1,6000,3,2,TRUE
434,2,6000,3,0,TRUE
435,5,6000,1,3,TRUE
436,3,6000,3,2,TRUE
437,3,6000,4,2,TRUE
438,5,6000,4,2,TRUE
439,3,6000,1,3,TRUE
440,4,6000,4,3,TRUE
441,3,6000,3,3,TRUE
442,5,6000,5,0,TRUE
443,2,6000,4,2,TRUE
444,4,6000,3,3,TRUE
445,4,6000,4,1,TRUE
446,4,6000,4,2,TRUE
447,3,6000,5,1,TRUE
448,4,6000,5,3,TRUE
449,2,6000,5,1,TRUE
450,3,6000,2,3,TRUE
451,1,6000,2,1,TRUE
452,2,6000,3,2,TRUE
453,4,6000,4,0,TRUE
454,2,6000,1,1,TRUE
455,5,6000,1,4,TRUE
456,1,6000,1,0,TRUE
457,3,6000,4,1,TRUE
458,1,6000,5,1,TRUE
459,4,6000,3,0,TRUE
460,2,6000,3,4,TRUE
461,3,6000,3,1,TRUE
462,2,6000,4,2,TRUE
463,3,6000,1,4,TRUE
464,1,6000,3,1,TRUE
465,5,6000,3,0,TRUE
466,5,6000,1,2,TRUE
467,1,6000,5,3,TRUE
468,5,6000,4,1,TRUE
469,3,6000,2,1,TRUE
470,4,6000,3,4,TRUE
471,5,6000,2,1,TRUE
472,3,6000,1,0,TRUE
473,1,6000,4,2,TRUE
474,1,6000,4,3,TRUE
475,5,6000,2,4,TRUE
476,1,6000,5,4,TRUE
477,2,6000,1,1,TRUE
478,5,6000,1,1,TRUE
479,4,6000,5,2,TRUE
480,1,6000,3,3,TRUE
481,1,6000,3,2,TRUE
482,2,6000,3,2,TRUE
483,3,6000,1,4,TRUE
484,3,6000,1,4,TRUE
485,2,6000,4,1,TRUE
486,5,6000,5,3,TRUE
487,5,6000,3,2,TRUE
488,4,6000,4,3,TRUE
489,2,6000,1,4,TRUE
490,4,6000,2,3,TRUE
491,4,6000,2,1,TRUE
492,4,6000,1,3,TRUE
493,4,6000,1,1,TRUE
494,4,6000,2,4,TRUE
495,3,6000,3,2,TRUE
496,3,6000,4,0,TRUE
497,4,6000,3,3,TRUE
498,1,6000,2,3,TRUE
499,5,6000,4,3,TRUE
500,3,6000,2,4,TRUE
501,1,6000,1,1,TRUE
502,2,6000,5,0,TRUE
503,3,6000,3,3,TRUE
504,1,6000,3,1,TRUE
505,5,6000,1,2,TRUE
506,3,6000,1,0,TRUE
507,4,6000,5,4,TRUE
508,4,6000,2,1,TRUE
509,4,6000,5,2,TRUE
510,2,6000,3,0,TRUE
511,4,6000,4,2,TRUE
512,1,6000,2,3,TRUE
513,2,6000,1,4,TRUE
514,2,6000,2,4,TRUE
515,5,6000,1,4,TRUE
516,5,6000,4,3,TRUE
517,5,6000,5,0,TRUE
518,3,6000,1,0,TRUE
519,3,6000,2,0,TRUE
520,2,6000,3,4,TRUE
521,5,6000,3,3,TRUE
522,1,6000,2,3,TRUE
523,3,6000,1,3,TRUE
524,5,6000,5,1,TRUE
525,1,6000,5,4,TRUE
526,5,6000,4,0,TRUE
527,1,6000,1,3,TRUE
528,1,6000,1,3,TRUE
529,5,6000,3,2,TRUE
530,3,6000,3,1,TRUE
531,4,6000,4,4,TRUE
532,5,6000,5,2,TRUE
533,2,6000,5,1,TRUE
534,2,6000,5,4,TRUE
535,5,6000,4,2,TRUE
536,5,6000,3,2,TRUE
537,2,6000,1,4,TRUE
538,2,6000,2,1,TRUE
539,1,6000,5,0,TRUE
540,2,6000,3,0,TRUE
541,3,6000,5,4,TRUE
542,2,6000,2,3,TRUE
543,4,6000,1,0,TRUE
544,5,6000,2,0,TRUE
545,3,6000,3,0,TRUE
546,3,6000,2,0,TRUE
547,4,6000,1,3,TRUE
779,5,6000,3,1,TRUE
780,2,6000,4,3,TRUE
781,3,6000,1,4,TRUE
782,1,6000,4,1,TRUE
783,4,6000,4,3,TRUE
784,1,6000,3,1,TRUE
785,3,6000,4,3,TRUE
786,2,6000,2,4,TRUE
787,1,6000,5,2,TRUE
788,2,6000,3,2,TRUE
789,4,6000,1,3,TRUE
790,4,6000,2,0,TRUE
791,2,6000,3,3,TRUE
792,4,6000,3,0,TRUE
793,1,6000,4,1,TRUE
794,2,6000,1,3,TRUE
795,3,6000,1,2,TRUE
796,1,6000,4,3,TRUE
797,5,6000,4,4,TRUE
798,5,6000,5,0,TRUE
799,2,6000,3,4,TRUE
800,2,6000,1,0,TRUE
801,2,6000,5,1,TRUE
802,3,6000,3,3,TRUE
803,2,6000,5,0,TRUE
804,3,6000,2,1,TRUE
805,3,6000,3,1,TRUE
806,5,6000,4,3,TRUE
807,3,6000,1,3,TRUE
808,5,6000,3,1,TRUE
809,5,6000,1,0,TRUE
810,4,6000,4,3,TRUE
811,1,6000,2,3,TRUE
812,5,6000,2,2,TRUE
813,4,6000,3,2,TRUE
814,5,6000,2,2,TRUE
815,4,6000,3,3,TRUE
816,1,6000,1,3,TRUE
817,2,6000,4,0,TRUE
818,1,6000,5,1,TRUE
819,1,6000,1,3,TRUE
820,1,6000,2,1,TRUE
821,5,6000,5,4,TRUE
822,2,6000,3,2,TRUE
823,1,6000,2,1,TRUE
824,2,6000,2,2,TRUE
825,2,6000,4,2,TRUE
826,3,6000,5,1,TRUE
827,5,6000,1,3,TRUE
828,4,6000,3,4,TRUE
829,2,6000,5,3,TRUE
830,4,6000,1,2,TRUE
831,1,6000,4,1,TRUE
832,2,6000,5,1,TRUE
833,1,6000,5,2,TRUE
834,2,6000,3,4,TRUE
835,1,6000,1,3,TRUE
836,3,6000,1,1,TRUE
837,3,6000,4,2,TRUE
838,1,6000,1,3,TRUE
839,5,6000,2,4,TRUE
840,1,6000,2,1,TRUE
841,1,6000,3,0,TRUE
842,5,6000,1,0,TRUE
843,3,6000,3,1,TRUE
844,5,6000,5,3,TRUE
845,3,6000,2,2,TRUE
846,5,6000,4,2,TRUE
847,3,6000,3,1,TRUE
848,1,6000,3,4,TRUE
849,3,6000,3,1,TRUE
850,3,6000,2,3,TRUE
851,3,6000,4,2,TRUE
852,5,6000,1,0,TRUE
853,1,6000,4,1,TRUE
854,1,6000,5,4,TRUE
855,3,6000,4,2,TRUE
856,5,6000,2,2,TRUE
857,2,6000,2,1,TRUE
858,3,6000,3,3,TRUE
859,5,6000,4,3,TRUE
860,1,6000,1,0,TRUE
861,4,6000,2,1,TRUE
862,4,6000,4,4,TRUE
863,2,6000,5,4,TRUE
864,1,6000,2,1,TRUE
865,1,6000,3,1,TRUE
866,5,6000,1,4,TRUE
867,1,6000,2,4,TRUE
868,2,6000,5,2,TRUE
869,4,6000,2,4,TRUE
870,3,6000,3,3,TRUE
871,1,6000,5,0,TRUE
872,1,6000,5,4,TRUE
873,1,6000,1,4,TRUE
874,4,6000,5,4,TRUE
875,5,6000,2,2,TRUE
876,5,6000,3,1,TRUE
877,4,6000,2,2,TRUE
878,5,6000,1,2,TRUE
879,2,6000,4,4,TRUE
880,5,6000,3,1,TRUE
881,1,6000,5,2,TRUE
882,1,6000,4,0,TRUE
883,4,6000,4,3,TRUE
884,5,6000,4,2,TRUE
885,4,6000,1,0,TRUE
886,1,6000,5,3,TRUE
887,2,6000,4,1,TRUE
888,5,6000,5,4,TRUE
889,5,6000,1,1,TRUE
890,5,6000,1,2,TRUE
891,4,6000,4,4,TRUE
892,1,6000,3,4,TRUE
893,1,6000,5,1,TRUE
894,2,6000,5,3,TRUE
895,3,6000,4,4,TRUE
896,3,6000,3,2,TRUE
897,1,6000,4,0,TRUE
898,2,6000,2,0,TRUE
899,3,6000,5,2,TRUE
900,3,6000,5,1,TRUE
901,2,6000,4,4,TRUE
902,5,6000,5,1,TRUE
903,4,6000,4,4,TRUE
904,2,6000,3,1,TRUE
905,2,6000,1,3,TRUE
906,2,6000,2,0,TRUE
907,3,6000,2,1,TRUE
908,2,6000,3,2,TRUE
909,4,6000,5,2,TRUE
910,2,6000,1,1,TRUE
911,4,6000,5,3,TRUE
912,5,6000,4,3,TRUE
913,3,6000,4,0,TRUE
914,2,6000,1,0,TRUE
915,3,6000,4,2,TRUE
916,5,6000,1,2,TRUE
917,1,6000,2,1,TRUE
918,2,6000,3,3,TRUE
919,3,6000,4,2,TRUE
920,4,6000,4,4,TRUE
921,1,6000,3,2,TRUE
922,4,6000,4,1,TRUE
923,5,6000,4,4,TRUE
924,2,6000,1,1,TRUE
925,3,6000,3,3,TRUE
926,4,6000,2,2,TRUE
927,2,6000,5,2,TRUE
928,4,6000,1,2,TRUE
929,1,6000,3,4,TRUE
930,2,6000,3,3,TRUE
931,2,6000,5,1,TRUE
932,2,6000,1,2,TRUE
933,3,6000,5,1,TRUE
934,3,6000,1,2,TRUE
935,2,6000,3,0,TRUE
936,5,6000,1,2,TRUE
937,2,6000,1,3,TRUE
938,3,6000,1,4,TRUE
939,1,6000,1,2,TRUE
940,1,6000,3,2,TRUE
941,1,6000,4,3,TRUE
942,1,6000,2,3,TRUE
943,3,6000,4,1,TRUE
944,2,6000,3,1,TRUE
945,1,6000,4,1,TRUE
946,5,6000,4,3,TRUE
947,3,6000,4,2,TRUE
948,2,6000,5,1,TRUE
949,3,6000,2,3,TRUE
950,3,6000,5,4,TRUE
951,4,6000,2,0,TRUE
952,5,6000,5,2,TRUE
953,3,6000,5,2,TRUE
954,3,6000,2,3,TRUE
955,3,6000,5,3,TRUE
956,2,6000,5,3,TRUE
957,5,6000,1,4,TRUE
958,5,6000,1,4,TRUE
959,2,6000,5,0,TRUE
960,5,6000,5,2,TRUE
961,2,6000,3,0,TRUE
962,1,6000,4,3,TRUE
963,1,6000,5,2,TRUE
964,5,6000,4,4,TRUE
965,5,6000,2,2,TRUE
966,2,6000,3,3,TRUE
967,2,6000,2,4,TRUE
968,5,6000,2,3,TRUE
969,5,6000,1,4,TRUE
970,3,6000,1,3,TRUE
971,5,6000,4,1,TRUE
972,5,6000,5,4,TRUE
973,5,6000,1,2,TRUE
974,3,6000,5,2,TRUE
975,1,6000,1,2,TRUE
976,3,6000,2,0,TRUE
977,3,6000,4,2,TRUE
978,1,6000,1,1,TRUE
979,3,6000,2,3,TRUE
980,1,6000,2,1,TRUE
981,4,6000,5,0,TRUE
982,5,6000,5,1,TRUE
983,5,6000,3,3,TRUE
984,1,6000,4,2,TRUE
985,2,6000,1,4,TRUE
986,4,6000,2,3,TRUE
987,2,6000,3,0,TRUE
988,1,6000,3,3,TRUE
989,1,6000,4,2,TRUE
990,1,6000,4,2,TRUE
991,4,6000,5,4,TRUE
992,1,6000,3,3,TRUE
993,5,6000,3,4,TRUE
994,3,6000,3,4,TRUE
995,5,6000,4,2,TRUE
996,1,6000,4,3,TRUE
997,2,6000,3,3,TRUE
998,5,6000,2,3,TRUE
999,4,6000,3,2,TRUE
1000,2,6000,1,1,TRUE
1001,1,6000,4,4,TRUE
1002,3,6000,5,0,TRUE
1003,3,6000,1,1,TRUE
1004,4,6000,4,4,TRUE
1005,3,6000,5,1,TRUE
1006,3,6000,5,1,TRUE
1007,5,6000,2,3,TRUE
1008,3,6000,4,4,TRUE
1009,2,6000,3,0,TRUE
1010,4,6000,3,1,TRUE
1011,4,6000,2,0,TRUE
1012,3,6000,2,0,TRUE
1013,5,6000,1,3,TRUE
1014,5,6000,5,0,TRUE
1015,5,6000,2,3,TRUE
1016,2,6000,1,2,TRUE
1017,4,6000,3,4,TRUE
1018,3,6000,5,1,TRUE
1019,1,6000,1,3,TRUE
1020,1,6000,3,4,TRUE
1021,5,6000,3,3,TRUE
1022,1,6000,5,0,TRUE
1023,4,6000,3,3,TRUE
1024,5,6000,3,0,TRUE
1025,1,6000,1,3,TRUE
1026,4,6000,1,1,TRUE
1027,2,6000,1,2,TRUE
1028,3,6000,4,4,TRUE
1029,1,6000,4,4,TRUE
1030,2,6000,3,3,TRUE
1031,2,6000,5,3,TRUE
1032,4,6000,4,4,TRUE
1033,2,6000,1,1,TRUE
1034,2,6000,5,1,TRUE
1035,5,6000,2,2,TRUE
1036,2,6000,1,2,TRUE
1037,2,6000,1,3,TRUE
1038,5,6000,2,1,TRUE
1039,3,6000,5,3,TRUE
1040,1,6000,4,3,TRUE
1041,1,6000,4,4,TRUE
1042,3,6000,5,0,TRUE
1043,4,6000,5,3,TRUE
1044,4,6000,4,4,TRUE
1045,4,6000,1,1,TRUE
1046,4,6000,4,3,TRUE
1047,2,6000,4,4,TRUE
1048,5,6000,4,4,TRUE
1049,4,6000,1,4,TRUE
1050,4,6000,3,4,TRUE
1051,4,6000,3,1,TRUE
1052,5,6000,2,4,TRUE
1053,2,6000,1,1,TRUE
1054,4,6000,4,3,TRUE
1055,5,6000,2,0,TRUE
1056,1,6000,3,0,TRUE
1057,2,6000,4,1,TRUE
1058,2,6000,4,3,TRUE
1059,5,6000,5,2,TRUE
1060,2,6000,2,3,TRUE
1061,1,6000,1,0,TRUE
1062,5,6000,5,0,TRUE
1063,2,6000,3,2,TRUE
1064,2,6000,4,1,TRUE
1065,2,6000,3,3,TRUE
1066,5,6000,3,0,TRUE
1067,5,6000,4,0,TRUE
1068,2,6000,2,2,TRUE
1069,4,6000,2,3,TRUE
1070,5,6000,4,2,TRUE
1071,4,6000,5,2,TRUE
1072,2,6000,4,3,TRUE
1073,4,6000,1,2,TRUE
1074,1,6000,5,0,TRUE
1075,4,6000,5,3,TRUE
1076,1,6000,5,1,TRUE
1077,5,6000,3,4,TRUE
1078,4,6000,4,1,TRUE
1079,1,6000,3,3,TRUE
1080,5,6000,2,1,TRUE
1081,5,6000,1,2,TRUE
1082,2,6000,3,3,TRUE
1083,2,6000,5,4,TRUE
1084,1,6000,2,1,TRUE
1085,3,6000,5,2,TRUE
1086,2,6000,1,3,TRUE
1087,5,6000,1,0,TRUE
1088,3,6000,1,1,TRUE
1089,3,6000,4,1,TRUE
1090,5,6000,4,4,TRUE
1091,2,6000,5,0,TRUE
1092,5,6000,5,2,TRUE
1093,5,6000,5,2,TRUE
1094,4,6000,2,1,TRUE
1095,1,6000,1,2,TRUE
1096,2,6000,4,4,TRUE
1097,3,6000,5,0,TRUE
1098,4,6000,2,1,TRUE
1099,3,6000,2,4,TRUE
1100,5,6000,5,1,TRUE
1101,5,6000,2,2,TRUE
1102,5,6000,2,1,TRUE
1103,2,6000,4,4,TRUE
1104,1,6000,2,2,TRUE
1105,5,6000,2,3,TRUE
1106,1,6000,3,0,TRUE
1107,4,6000,5,2,TRUE
1108,3,6000,1,0,TRUE
1109,4,6000,4,3,TRUE
1110,5,6000,5,0,TRUE
1111,5,6000,3,0,TRUE
1112,3,6000,2,2,TRUE
1113,4,6000,1,4,TRUE
1114,3,6000,3,1,TRUE
1115,1,6000,3,1,TRUE
1116,1,6000,1,3,TRUE
1117,5,6000,5,4,TRUE
1118,5,6000,5,3,TRUE
1119,1,6000,2,4,TRUE
1120,1,6000,4,2,TRUE
1121,3,6000,4,4,TRUE
1122,4,6000,5,0,TRUE
1123,5,6000,2,0,TRUE
1124,3,6000,4,3,TRUE
1125,5,6000,5,2,TRUE
1126,4,6000,5,4,TRUE
1127,2,6000,2,2,TRUE
1128,2,6000,1,1,TRUE
1129,5,6000,1,3,TRUE
1130,3,6000,4,1,TRUE
1131,1,6000,3,1,TRUE
1132,1,6000,4,2,TRUE
1133,2,6000,5,1,TRUE
1134,5,6000,4,3,TRUE
1135,1,6000,4,3,TRUE
1136,4,6000,1,3,TRUE
1137,2,6000,3,0,TRUE
1138,5,6000,1,3,TRUE
1139,4,6000,2,3,TRUE
1140,4,6000,4,1,TRUE
1141,2,6000,5,4,TRUE
1142,2,6000,1,0,TRUE
1143,4,6000,3,3,TRUE
1144,3,6000,4,1,TRUE
1145,2,6000,3,1,TRUE
1146,3,6000,1,3,TRUE
1147,2,6000,5,0,TRUE
1148,5,6000,1,0,TRUE
1149,2,6000,2,2,TRUE
1150,3,6000,2,3,TRUE
1151,2,6000,2,0,TRUE
1152,3,6000,2,1,TRUE
1153,1,6000,3,4,TRUE
1154,2,6000,5,1,TRUE
1155,2,6000,4,2,TRUE
1156,1,6000,2,2,TRUE
1157,5,6000,5,2,TRUE
1158,1,6000,2,4,TRUE
1159,1,6000,4,2,TRUE
1160,1,6000,3,3,TRUE
1161,5,6000,1,2,TRUE
1162,2,6000,1,4,TRUE
1163,3,6000,4,4,TRUE
1164,1,6000,2,3,TRUE
1165,4,6000,1,4,TRUE
1166,3,6000,4,0,TRUE
1167,4,6000,3,3,TRUE
1168,5,6000,2,1,TRUE
1169,3,6000,3,4,TRUE
1170,5,6000,1,2,TRUE
1171,3,6000,2,3,TRUE
1172,5,6000,4,4,TRUE
1173,5,6000,4,3,TRUE
1174,3,6000,5,0,TRUE
1175,3,6000,5,2,TRUE
1176,1,6000,4,0,TRUE
1177,2,6000,1,0,TRUE
1178,4,6000,4,2,TRUE
1179,5,6000,3,4,TRUE
1180,3,6000,2,4,TRUE
1181,5,6000,2,1,TRUE
1182,1,6000,3,2,TRUE
1183,2,6000,4,4,TRUE
1184,2,6000,4,2,TRUE
1185,3,6000,3,2,TRUE
1186,5,6000,1,1,TRUE
1187,5,6000,2,2,TRUE
1188,2,6000,4,4,TRUE
1189,1,6000,1,0,TRUE
1190,1,6000,1,0,TRUE
1191,5,6000,5,0,TRUE
1192,2,6000,2,1,TRUE
1193,3,6000,1,4,TRUE
1194,4,6000,1,0,TRUE
1195,4,6000,2,0,TRUE
1196,1,6000,4,0,TRUE
1197,4,6000,5,4,TRUE
1198,4,6000,3,4,TRUE
1199,5,6000,1,0,TRUE
1200,2,6000,5,0,TRUE
1201,4,6000,5,3,TRUE
1202,4,6000,5,1,TRUE
1203,2,6000,4,0,TRUE
1204,5,6000,4,3,TRUE
1205,2,6000,4,1,TRUE
1206,1,6000,4,2,TRUE
1207,3,6000,3,0,TRUE
1208,5,6000,5,4,TRUE
1209,5,6000,3,3,TRUE
1210,3,6000,4,2,TRUE
1211,3,6000,3,0,TRUE
1212,2,6000,3,0,TRUE
1213,4,6000,1,2,TRUE
1214,2,6000,5,4,TRUE
1215,5,6000,3,2,TRUE
1216,5,6000,3,0,TRUE
1217,5,6000,2,2,TRUE
1218,4,6000,1,1,TRUE
1219,5,6000,3,0,TRUE
1220,1,6000,4,0,TRUE
1221,3,6000,3,3,TRUE
1222,1,6000,1,4,TRUE
1223,1,6000,2,2,TRUE
1224,4,6000,3,4,TRUE
1225,2,6000,3,2,TRUE
1226,1,6000,5,4,TRUE
1227,4,6000,2,0,TRUE
1228,1,6000,5,0,TRUE
1229,4,6000,1,1,TRUE
1230,4,6000,3,0,TRUE
1231,2,6000,2,4,TRUE
1232,2,6000,2,3,TRUE
1233,4,6000,4,0,TRUE
1234,1,6000,4,4,TRUE
1235,2,6000,3,3,TRUE
1236,3,6000,2,3,TRUE
1237,1,6000,5,0,TRUE
1238,5,6000,3,4,TRUE
1239,4,6000,1,4,TRUE
1240,1,6000,1,3,TRUE
1241,5,6000,5,3,TRUE
1242,3,6000,3,4,TRUE
1243,4,6000,3,1,TRUE
1244,5,6000,4,3,TRUE
1245,2,6000,3,4,TRUE
1246,4,6000,3,4,TRUE
1247,2,6000,5,4,TRUE
1248,3,6000,2,4,TRUE
1249,3,6000,5,2,TRUE
1250,2,6000,1,0,TRUE
1251,2,6000,5,2,TRUE
1252,2,6000,2,1,TRUE
1253,5,6000,4,0,TRUE
1254,2,6000,2,2,TRUE
1255,2,6000,1,4,TRUE
1256,4,6000,3,2,TRUE
1257,4,6000,3,0,TRUE
1258,3,6000,2,4,TRUE
1259,4,6000,2,4,TRUE
1260,2,6000,3,0,TRUE
1261,4,6000,3,0,TRUE
1262,3,6000,5,4,TRUE
1263,5,6000,4,3,TRUE
1264,2,6000,5,4,TRUE
1265,3,6000,5,4,TRUE
1266,3,6000,5,0,TRUE
1267,5,6000,4,3,TRUE
1268,2,6000,5,0,TRUE
1269,3,6000,1,2,TRUE
1270,3,6000,3,3,TRUE
1271,5,6000,4,3,TRUE
1272,1,6000,5,1,TRUE
1273,2,6000,4,0,TRUE
1274,1,6000,1,3,TRUE
1275,4,6000,2,0,TRUE
1276,5,6000,3,1,TRUE
1277,2,6000,2,2,TRUE
1278,1,6000,1,0,TRUE
1279,1,6000,2,1,TRUE
1280,3,6000,5,1,TRUE
1281,2,6000,4,4,TRUE
1282,3,6000,1,3,TRUE
1283,4,6000,1,3,TRUE
1284,1,6000,3,0,TRUE
1285,5,6000,3,1,TRUE
1286,1,6000,4,3,TRUE
1287,4,6000,5,1,TRUE
1288,1,6000,5,0,TRUE
1289,1,6000,3,2,TRUE
1290,4,6000,1,0,TRUE
1291,1,6000,5,4,TRUE
1292,5,6000,1,4,TRUE
1293,3,6000,3,4,TRUE
1294,2,6000,4,4,TRUE
1295,4,6000,5,3,TRUE
1296,4,6000,1,0,TRUE
1297,5,6000,4,1,TRUE
1298,2,6000,4,4,TRUE
1299,5,6000,3,0,TRUE
1300,4,6000,1,4,TRUE
1301,2,6000,3,4,TRUE
1302,4,6000,4,3,TRUE
1303,1,6000,5,4,TRUE
1304,1,6000,3,4,TRUE
1305,4,6000,2,3,TRUE
1306,5,6000,5,0,TRUE
1307,4,6000,3,3,TRUE
1308,4,6000,3,2,TRUE
1309,4,6000,1,2,TRUE
1310,3,6000,2,4,TRUE
1311,1,6000,3,4,TRUE
1312,2,6000,2,2,TRUE
1313,2,6000,2,3,TRUE
1314,3,6000,1,4,TRUE
1315,3,6000,5,0,TRUE
1316,2,6000,5,2,TRUE
1317,3,6000,4,2,TRUE
1318,2,6000,4,2,TRUE
1319,4,6000,4,1,TRUE
1320,3,6000,1,4,TRUE
1321,1,6000,1,3,TRUE
1322,4,6000,2,1,TRUE
1323,4,6000,4,1,TRUE
1324,2,6000,1,3,TRUE
1325,1,6000,4,0,TRUE
1326,2,6000,5,4,TRUE
1327,4,6000,4,2,TRUE
1328,5,6000,4,3,TRUE
1329,4,6000,4,0,TRUE
1330,1,6000,2,2,TRUE
1331,4,6000,3,0,TRUE
1332,4,6000,5,3,TRUE
1333,1,6000,4,3,TRUE
1334,1,6000,3,4,TRUE
1335,4,6000,5,4,TRUE
1336,1,6000,2,1,TRUE
1337,4,6000,2,3,TRUE
1338,5,6000,4,0,TRUE
1339,1,6000,5,0,TRUE
1340,2,6000,4,2,TRUE
1341,4,6000,2,4,TRUE
1342,3,6000,5,4,TRUE
1343,1,6000,3,3,TRUE
1344,4,6000,4,4,TRUE
1345,4,6000,4,3,TRUE
1346,5,6000,1,0,TRUE
1347,4,6000,1,0,TRUE
1348,5,6000,4,1,TRUE
1349,3,6000,1,2,TRUE
1350,5,6000,3,4,TRUE
1351,1,6000,4,1,TRUE
1352,1,6000,4,3,TRUE
1353,2,6000,5,4,TRUE
1354,3,6000,2,3,TRUE
1355,4,6000,4,0,TRUE
1356,3,6000,3,4,TRUE
1357,2,6000,4,4,TRUE
1358,1,6000,4,4,TRUE
1359,2,6000,4,4,TRUE
1360,1,6000,5,0,TRUE
1361,4,6000,4,3,TRUE
1362,5,6000,4,4,TRUE
1363,2,6000,3,0,TRUE
1364,5,6000,2,0,TRUE
1365,2,6000,1,0,TRUE
1366,1,6000,5,0,TRUE
1367,1,6000,3,0,TRUE
1368,4,6000,1,0,TRUE
1369,5,6000,3,2,TRUE
1370,3,6000,3,4,TRUE
1371,1,6000,3,4,TRUE
1372,2,6000,4,3,TRUE
1373,5,6000,5,3,TRUE
1374,5,6000,2,0,TRUE
1375,1,6000,3,4,TRUE
1376,1,6000,5,0,TRUE
1377,2,6000,5,0,TRUE
1378,1,6000,3,4,TRUE
1379,4,6000,4,3,TRUE
1380,3,6000,2,3,TRUE
1381,2,6000,3,1,TRUE
1382,3,6000,1,2,TRUE
1383,2,6000,5,4,TRUE
1384,4,6000,1,2,TRUE
1385,2,6000,4,1,TRUE
1386,3,6000,5,4,TRUE
1387,3,6000,3,0,TRUE
1388,4,6000,2,1,TRUE
1389,2,6000,3,3,TRUE
1390,4,6000,1,3,TRUE
1391,5,6000,4,1,TRUE
1392,4,6000,4,2,TRUE
1393,4,6000,5,4,TRUE
1394,3,6000,2,0,TRUE
1395,3,6000,1,4,TRUE
1396,4,6000,5,0,TRUE
1397,5,6000,4,1,TRUE
1398,4,6000,5,0,TRUE
1399,3,6000,5,1,TRUE
1400,4,6000,4,2,TRUE
1401,2,6000,1,0,TRUE
1402,2,6000,4,1,TRUE
1403,5,6000,2,2,TRUE
1404,2,6000,5,2,TRUE
1405,2,6000,1,1,TRUE
1406,3,6000,5,4,TRUE
1407,1,6000,4,2,TRUE
1408,2,6000,5,0,TRUE
1409,5,6000,4,4,TRUE
1410,1,6000,1,1,TRUE
1411,4,6000,5,0,TRUE
1412,1,6000,2,3,TRUE
1413,1,6000,2,1,TRUE
1414,4,6000,1,0,TRUE
1415,4,6000,4,4,TRUE
1416,5,6000,5,1,TRUE
1417,2,6000,5,0,TRUE
1418,3,6000,1,4,TRUE
1419,3,6000,1,1,TRUE
1420,4,6000,3,1,TRUE
1421,1,6000,5,3,TRUE
1422,3,6000,3,0,TRUE
1423,5,6000,3,4,TRUE
1424,5,6000,1,1,TRUE
1425,4,6000,3,4,TRUE
1426,1,6000,1,0,TRUE
1427,5,6000,1,4,TRUE
1428,3,6000,2,4,TRUE
1429,1,6000,3,0,TRUE
1430,5,6000,5,1,TRUE
1431,3,6000,4,1,TRUE
1432,5,6000,1,0,TRUE
1433,5,6000,5,3,TRUE
1434,2,6000,3,0,TRUE
1435,3,6000,5,1,TRUE
1436,1,6000,1,4,TRUE
1437,1,6000,5,0,TRUE
1438,5,6000,3,0,TRUE
1439,2,6000,1,1,TRUE
1440,4,6000,5,2,TRUE
1441,4,6000,4,4,TRUE
1442,4,6000,4,2,TRUE
1443,5,6000,5,2,TRUE
1444,4,6000,1,0,TRUE
1445,5,6000,4,0,TRUE
1446,5,6000,1,0,TRUE
1447,3,6000,2,0,TRUE
1448,1,6000,5,3,TRUE
1449,2,6000,4,3,TRUE
1450,4,6000,2,4,TRUE
1451,2,6000,4,0,TRUE
1452,4,6000,4,4,TRUE
1453,2,6000,4,4,TRUE
1454,3,6000,1,3,TRUE
1455,4,6000,2,0,TRUE
1456,2,6000,5,3,TRUE
1457,1,6000,1,3,TRUE
1458,1,6000,2,2,TRUE
1459,1,6000,3,0,TRUE
1460,5,6000,4,3,TRUE
1461,1,6000,2,1,TRUE
1462,4,6000,4,4,TRUE
1463,5,6000,2,0,TRUE
1464,5,6000,3,1,TRUE
1465,5,6000,2,3,TRUE
1466,4,6000,1,1,TRUE
1467,5,6000,3,2,TRUE
1468,4,6000,4,1,TRUE
1469,2,6000,5,1,TRUE
1470,5,6000,4,0,TRUE
1471,3,6000,3,2,TRUE
1472,2,6000,1,1,TRUE
1473,4,6000,5,4,TRUE
1474,4,6000,1,3,TRUE
1475,3,6000,2,4,TRUE
1476,4,6000,1,3,TRUE
1477,1,6000,5,4,TRUE
1478,5,6000,3,0,TRUE
1479,4,6000,5,4,TRUE
1480,2,6000,4,1,TRUE
1481,5,6000,3,0,TRUE
1482,2,6000,2,1,TRUE
1483,5,6000,5,1,TRUE
1484,3,6000,2,1,TRUE
1485,2,6000,3,4,TRUE
1486,4,6000,1,4,TRUE
1487,3,6000,1,1,TRUE
1488,1,6000,5,2,TRUE
1489,3,6000,1,0,TRUE
1490,2,6000,3,3,TRUE
1491,1,6000,5,0,TRUE
1492,3,6000,4,2,TRUE
1493,3,6000,2,2,TRUE
1494,2,6000,5,2,TRUE
1495,1,6000,3,2,TRUE
1496,2,6000,5,3,TRUE
1497,3,6000,2,4,TRUE
1498,2,6000,2,1,TRUE
1499,2,6000,5,1,TRUE
